Var_1,Var_2,Var_3,Var_4,Var_5,Var_6,grupo_real_id,grupo_real_nombre,cluster_asignado,grupo_predicho
-4.449638510847286,11.256072228535844,0.8577863120687685,3.7843572770041707,-9.773179028104932,8.26904835284083,1,Grupo_1,2,Grupo_1
3.0398421605840236,-6.960492385085772,-6.570288215599221,-5.724180483779577,-1.5368895300605372,1.8123734418092414,2,Grupo_2,1,Grupo_2
0.20286185702981618,-4.733596167122435,1.4689423302932612,-3.7873863300520343,-4.4039092654348195,-0.6067073236467504,3,Grupo_3,3,Grupo_3
-11.034135449585357,6.37850316795316,2.6009150411781063,5.777675400235335,-10.127479207953032,7.215794317105635,1,Grupo_1,2,Grupo_1
6.727581721663425,-4.028033595592945,-3.6442245904633226,-4.6028633651278525,-3.2323590550751353,-2.0004020136337557,2,Grupo_2,1,Grupo_2
-10.876766827426312,4.657935585750641,7.334228742406579,7.489799210891917,-4.787391358723298,6.340959494350976,1,Grupo_1,2,Grupo_1
2.3258955922498847,-0.8709243302107001,-6.516244425872658,-8.203909292981457,-2.873151204601461,3.4129306026530006,2,Grupo_2,1,Grupo_2
0.7027736663251147,-5.2715889548144155,-5.450015051045136,-6.429815091538222,-5.55148906830502,-4.628657657826055,2,Grupo_2,1,Grupo_2
1.124647439561373,-3.5385893525886374,1.914864447725706,-8.482857300238086,-2.943707260412662,-4.795525261601725,3,Grupo_3,3,Grupo_3
-5.537127446254703,10.841196425864633,4.675561505819187,-0.41167886455088,-7.897217973468221,-5.164313450884195,0,Grupo_0,0,Grupo_0
-4.863730311184301,8.758700967733706,5.521286847728659,0.8061321847081211,-13.002870502622548,9.025773768821644,1,Grupo_1,2,Grupo_1
-11.77731427069814,5.085848309807192,3.5153707804976375,1.790581545360407,-8.430294383836143,5.980352527089272,1,Grupo_1,2,Grupo_1
-4.5897377991142365,6.319035348144619,3.7257060513024394,1.2772208525712627,-7.701476868914428,9.896757008206803,1,Grupo_1,2,Grupo_1
7.924163719133623,-7.3766298354691795,-5.6254192182564795,-6.927493990570367,-4.941451347633571,5.042374963145569,2,Grupo_2,1,Grupo_2
-11.74278736641692,6.615675673639285,1.27015086701211,1.1377592173738957,-8.615863290703492,10.026881065591166,1,Grupo_1,2,Grupo_1
0.18480178849147721,-0.536415997895916,4.816192330885528,-10.732420543685475,-3.0448672917709265,-0.5459646479745488,3,Grupo_3,3,Grupo_3
10.166189680737812,-6.963514022896521,-3.975327562839974,-6.428767040405181,-5.436032052507589,1.9764544009391607,2,Grupo_2,1,Grupo_2
-3.2498468349925584,-4.430383832523356,5.85441826041504,-8.862208376484528,-8.08958017197779,-5.304131113801442,3,Grupo_3,3,Grupo_3
10.279147063964837,-5.717844624020081,-7.854529175780186,-7.07986423399991,-1.8928569673274471,-0.9660095969813383,2,Grupo_2,1,Grupo_2
-6.1371368481816475,8.984063758583185,1.5088952251953036,2.8822493905031514,-4.662408715908019,-7.93201407747858,0,Grupo_0,0,Grupo_0
1.5499297241804904,-1.8612253017544877,2.3228913658696784,-8.116370294164334,-1.7883272578567189,-0.9860256896046162,3,Grupo_3,3,Grupo_3
7.984765062599394,-5.525483770794694,-8.492350605306285,-6.316226912470278,-7.743993428918353,3.3707971223904973,2,Grupo_2,1,Grupo_2
-1.15554080254078,10.912174028954938,3.198602834411303,-4.504436046421542,-8.245238311782478,-5.9005995797695805,0,Grupo_0,0,Grupo_0
-7.0997110558109915,10.28426444547968,1.8814623207934176,-3.409056798440475,-5.90818067982386,-0.64761079969397,0,Grupo_0,0,Grupo_0
-4.597054877127808,14.238132932435255,0.6207262684329544,2.435021131180043,-1.8206116430771715,-6.863109981875952,0,Grupo_0,0,Grupo_0
-4.593905253170111,-3.965735941636827,-0.4639604287486643,-10.153664050082384,-5.216333821572327,-3.8956535720867063,3,Grupo_3,3,Grupo_3
-1.0761729568382543,-6.15906652074784,-0.07565365674899827,-8.335627516123772,-3.972448443268436,0.31120320456448924,3,Grupo_3,3,Grupo_3
-9.283122446147006,5.041495617257421,0.9787242798905951,5.021586359829575,-8.717455765968634,7.153621877175812,1,Grupo_1,2,Grupo_1
3.8617973476274,-2.7609404145310963,-7.855737617687916,-10.518083454064437,-4.187713690717905,0.5810669052109074,2,Grupo_2,1,Grupo_2
-5.749863598919254,-3.040654122435793,0.022773394948365056,-8.77220933304537,-6.910323253895207,-0.8423850689893273,3,Grupo_3,3,Grupo_3
-6.862398016506732,8.173651151920929,3.448832727913003,6.581913207253061,-10.416581072042257,7.86760520697051,1,Grupo_1,2,Grupo_1
4.195537974714774,-9.265260146253244,-6.095480750757654,-7.129025691668152,-2.3490684596743847,0.295357500988383,2,Grupo_2,1,Grupo_2
-2.6182715113350747,-1.228252353446814,5.514963635956631,-5.049947831611796,-3.3917706465387485,-3.2504119762284125,3,Grupo_3,3,Grupo_3
-5.1434036709186355,6.344778824250339,7.015647816162041,6.249703115395545,-7.140750237494949,-7.302163901250974,0,Grupo_0,0,Grupo_0
7.62687613410192,-4.298763359863571,-6.404058449847841,-3.4398253503388516,-2.9216625821611597,-1.3735105022507734,2,Grupo_2,1,Grupo_2
-9.716863345920341,11.232056312578973,-0.02377142999082782,7.992370867616199,-8.338649804733024,5.899931606235032,1,Grupo_1,2,Grupo_1
-8.385670899708305,10.581718008788862,3.487714735846134,3.130417010379708,-8.945312688194132,8.796534106914354,1,Grupo_1,2,Grupo_1
2.2735009656470266,-5.375328802819684,0.43313518859751676,-6.862982705881962,-2.0783598619664816,-0.6775355124722617,3,Grupo_3,3,Grupo_3
-3.600162349369172,8.740261618383744,4.418971438214763,1.0481421092354126,-7.526617347819026,-2.8834916670141544,0,Grupo_0,0,Grupo_0
-4.327040562614922,8.39548953931956,4.453795263477986,3.524849927817427,-6.435374688818135,-10.2184704900512,0,Grupo_0,0,Grupo_0
-2.6253529649387817,7.985461192943652,5.210777079861712,3.782165471977836,-8.254912002320328,11.496868304535898,1,Grupo_1,2,Grupo_1
-1.2030192608749322,-4.865017095780303,-0.6594502647011229,-11.749245226656207,-5.442329040215381,-0.4286237050018067,3,Grupo_3,3,Grupo_3
-1.2754200916571297,-8.377593344134462,3.011374842287595,-6.020742807380333,-2.6830089509021366,-9.302333291738538,3,Grupo_3,3,Grupo_3
-0.5058345280316396,0.617730675026146,-1.5768713757051196,-10.095531248908017,-2.0191032599249805,-2.0120376087430385,3,Grupo_3,3,Grupo_3
-8.18722209830212,5.976418275016858,-0.49908647532634465,-0.7451126732605386,-8.714184995834717,5.4861901148347485,1,Grupo_1,2,Grupo_1
1.23393169113222,-2.264884187692023,6.556967482902003,-8.38348895302594,-7.371767072494924,-3.936487522737444,3,Grupo_3,3,Grupo_3
-10.979573350159008,7.567698857369542,-1.1389457825232383,-0.3213145754155331,-10.545353088116373,9.088874677552795,1,Grupo_1,2,Grupo_1
9.453506577994066,-6.219915192218089,-4.540841543352077,-5.453996133863614,-3.06100456092768,-0.18315881252598643,2,Grupo_2,1,Grupo_2
4.083650705519375,-4.799653742598622,-3.870336736710806,-3.3771846965340897,-4.081277579082886,-0.4000699828035399,2,Grupo_2,1,Grupo_2
-5.516725686015432,8.106484100161154,0.5060417643248265,5.3012120438476655,-10.736035889631431,7.661696120332024,1,Grupo_1,2,Grupo_1
-5.989438916572338,6.355118004116675,-0.724250828080355,7.712712274098567,-9.872011728789303,9.952093227300413,1,Grupo_1,2,Grupo_1
3.691212354172463,-6.3851259241749405,-3.7899679034696727,-4.340154985254468,-3.8771977844581627,-1.9418878071623475,2,Grupo_2,1,Grupo_2
1.6655636378257652,10.000964952755774,1.6501711811401405,3.0846763544910836,-3.8880484745371424,-8.404566854074401,0,Grupo_0,0,Grupo_0
-3.123555283267611,8.332477203829145,-2.1023377711258275,1.8374325176462014,-7.456963516672965,-5.139593681242401,0,Grupo_0,0,Grupo_0
7.016191061975155,-7.058546711484458,1.328650269593271,-2.9316200524805414,-7.026511391021053,1.077298851212003,2,Grupo_2,3,Grupo_3
-2.7474364540201304,9.71183994262417,6.15962011051945,2.4396924918316274,-7.995711227527591,-6.394884611030178,0,Grupo_0,0,Grupo_0
0.6406552417062565,0.9741953083043438,3.6338674868088034,-7.601316227267059,-3.2997910859922808,0.43590968673874286,3,Grupo_3,3,Grupo_3
1.7006216055919214,7.867075471025972,7.336580919806341,1.876898510188964,-7.311195441003319,-4.670959749559266,0,Grupo_0,0,Grupo_0
0.06369147026135913,10.19577983423093,5.279953172012791,4.429897143804517,-2.7159410799948285,-4.34418443073062,0,Grupo_0,0,Grupo_0
-4.11290161111013,10.094092489883174,6.640902649297307,3.8588980084746676,-3.907343762464663,-5.109349975273287,0,Grupo_0,0,Grupo_0
-0.9206525475296843,5.91614014106464,4.789710411893922,2.6666120288362114,-3.4779807015546425,-10.152160591073727,0,Grupo_0,0,Grupo_0
-1.1067916059782608,-0.4303877702780925,1.4549667118187843,-4.632824441041896,-4.877264025173833,-1.5952057390989332,3,Grupo_3,3,Grupo_3
-9.157464460431486,5.922003823380428,-5.301321490141494,9.293881617175067,-6.8663859785422705,8.457445230927396,1,Grupo_1,2,Grupo_1
6.200725252616156,-6.028231533187106,-3.1333498200416807,-8.204839119439429,-0.626384413458986,1.0213693799485162,2,Grupo_2,1,Grupo_2
4.680917641040945,-5.244819136437558,-4.659142133820133,-3.9256525884310696,-6.980603535340954,5.986743770092143,2,Grupo_2,1,Grupo_2
1.367053608982442,6.518401026351344,7.10068483241956,1.4381975733769596,-7.003286465282352,-5.193060862859437,0,Grupo_0,0,Grupo_0
-4.533206422856866,10.074438739358545,3.455280468550811,1.9370390067450343,-5.513916571142021,-6.864053918748602,0,Grupo_0,0,Grupo_0
3.4354162075328345,-5.058577534634557,1.6733243361109997,-6.471343557983316,-5.55409657650803,-3.452942964257998,3,Grupo_3,3,Grupo_3
-0.9036135030445341,-6.261095553709075,-2.0571224764609006,-6.61976676226141,-1.8947019255601374,-3.2372800068162704,3,Grupo_3,3,Grupo_3
1.284325607402569,-2.999142577592769,2.26671459239955,-9.66209280799306,-2.307246900847346,1.526605321427657,3,Grupo_3,3,Grupo_3
-7.885053725974049,8.102655055510649,-1.7749768278609936,-2.4153737861517497,-8.61737079100853,9.161136465037705,1,Grupo_1,2,Grupo_1
-2.269379648129048,-3.433985504303391,3.5712960144630723,-3.4777412300745936,-5.134668696459578,1.0259412705260162,3,Grupo_3,3,Grupo_3
4.611962808949565,-5.312841656715246,-9.488051504831398,-6.99500365410683,-3.8308575035566124,1.166612585255502,2,Grupo_2,1,Grupo_2
-3.679532141397519,-0.9543331397806898,0.6513711024043056,-4.388004068085689,-4.741124431752801,-2.167765607232863,3,Grupo_3,3,Grupo_3
-3.6053329261111484,3.543814366590669,4.920752843115481,6.594205458458589,-11.536041962525703,9.906286929704963,1,Grupo_1,2,Grupo_1
5.457474257960332,-9.014691395935658,-8.597488190155788,-10.435360091936566,-3.884596269771322,-2.4965353480662325,2,Grupo_2,1,Grupo_2
0.8448930973172653,-1.6067188376574322,7.172254613810149,-6.266964638603596,-4.625175333062837,-0.09111934257113541,3,Grupo_3,3,Grupo_3
-5.809780640604355,13.592933042834206,7.588479138031319,0.80023055367897,-11.162463513878464,-3.4954286578624147,0,Grupo_0,0,Grupo_0
-6.652035071304704,5.699109848378035,-0.9857019036086854,1.5563405253131517,-10.80631741707127,8.518393748698614,1,Grupo_1,2,Grupo_1
3.676444267171031,-5.8779181717547715,-8.978803368514248,-5.148391263650158,-3.187786729960532,2.889727710415426,2,Grupo_2,1,Grupo_2
-11.076693562543571,6.303270817598151,-0.46723825211139713,5.789292160480052,-7.442182322442288,8.811645618346352,1,Grupo_1,2,Grupo_1
-0.16574818826816418,-5.618489010315589,2.618372601691631,-11.08896633937948,1.378717827095854,-6.042036209899674,3,Grupo_3,3,Grupo_3
7.417216857778361,-6.37259883203375,-3.0624656313984024,-8.51799892378112,-2.3461393969046678,-0.20364002559657646,2,Grupo_2,1,Grupo_2
-2.2881804073231318,12.708111330836477,1.7856560508943389,1.4890210357414366,-8.671682992658283,-11.546451135958597,0,Grupo_0,0,Grupo_0
-2.912411902217773,10.024413270234668,9.355343589254428,2.4096142160203295,-6.23575121434436,-7.066224382691365,0,Grupo_0,0,Grupo_0
-2.3215537914251243,-6.080750817324406,8.701995833657328,-6.162495950075513,-2.6239431676427776,0.17167881754548997,3,Grupo_3,3,Grupo_3
-4.38324678870949,-5.590260023270175,2.047880212804931,-3.366244489373304,-5.803063824146751,-4.159022373998684,3,Grupo_3,3,Grupo_3
-2.001890070924501,5.224925840705241,8.508641839553256,6.462863866679537,-8.411598917362236,-7.849363493115907,0,Grupo_0,0,Grupo_0
-8.375388914561226,8.387135075959133,2.578024874366311,7.358616089204392,-11.969101065930943,7.705709197093558,1,Grupo_1,2,Grupo_1
-9.752092599099175,6.945274864917398,-1.4671727706170374,5.6398246603169095,-11.398285943440474,8.909721165297325,1,Grupo_1,2,Grupo_1
-2.303098240716492,5.370407379535996,3.8668561436034428,0.09277866996427409,-6.081690915103319,-3.5289834782180853,0,Grupo_0,0,Grupo_0
7.910307352201912,-4.186871878092121,-9.462406371058586,-10.089086324637297,-5.780010456998249,-1.1587249736434724,2,Grupo_2,1,Grupo_2
-4.901771775509204,-5.782358153289032,1.0898657818850976,-9.754084729992602,-2.0066504333077453,-0.6471130231878313,3,Grupo_3,3,Grupo_3
-3.094247270820204,10.180182064314158,7.108215127700856,1.7832921248344251,-7.67924599928838,-6.500714612654096,0,Grupo_0,0,Grupo_0
6.7273424798403765,-1.734272020435701,-6.414902049234255,-5.60895062013451,-6.862463869055059,-0.05404499823264308,2,Grupo_2,1,Grupo_2
-8.256360899285601,5.431612972958887,-3.452504027582208,7.147932107205236,-7.192345564478845,9.527349485367585,1,Grupo_1,2,Grupo_1
-3.888842987783867,15.409784342368951,3.22925983958463,2.4345479419333245,-3.024352309731581,-1.864877372878139,0,Grupo_0,0,Grupo_0
-3.9871936990476033,-2.060121022799327,1.9784009198302812,-8.434049404535841,-4.052367226409945,3.9189097207378056,3,Grupo_3,3,Grupo_3
9.980231485171256,-3.430887752603939,-7.875767565678425,-5.08743902938688,-2.571625133758294,2.1008817201726973,2,Grupo_2,1,Grupo_2
-0.3340282963308647,10.253490848129832,5.015926099087043,2.885572190106296,-0.8710882280555827,-7.02415658585991,0,Grupo_0,0,Grupo_0
-10.612277393508942,4.177260638810367,1.4797576088032496,3.3902445847813594,-3.521518898220145,10.480596606641626,1,Grupo_1,2,Grupo_1
-9.737401937767167,8.076291263478058,2.4818865256704363,10.89403571587215,-8.713810052664183,6.88806055113486,1,Grupo_1,2,Grupo_1
6.135642767267807,-2.956842925796162,-7.679829873598095,-7.640849773947781,-5.825622107403862,2.6855634618774458,2,Grupo_2,1,Grupo_2
6.99642453339125,-5.866025012244606,-8.678225415585862,-6.616076525634912,-4.274303965552041,0.08242722013714199,2,Grupo_2,1,Grupo_2
7.613227736462672,-3.996567790186212,-5.761308762856968,-7.996143465165191,-2.9926140462463278,0.805842869771884,2,Grupo_2,1,Grupo_2
4.715213205924861,-1.0063803330463799,-6.145959454877021,-8.922268732869316,-1.7733115871330996,1.4902491739179133,2,Grupo_2,1,Grupo_2
-2.0477090005734286,-5.318463544337151,0.5142784001431142,-6.040897527311949,-0.8805922472619789,0.2549917950477325,3,Grupo_3,3,Grupo_3
-12.67592837546691,2.6234978307292938,3.8040803070175038,-0.5464239642255508,-10.519107746428759,10.491480010837288,1,Grupo_1,2,Grupo_1
7.503415850895852,-5.903311640655888,-7.86836176069593,-7.914988294718766,-6.041688273189115,-0.8573885318124912,2,Grupo_2,1,Grupo_2
-4.112914895663524,10.233966840376006,9.15074911069496,1.4959102046224853,-5.080232335780815,-10.113291987953856,0,Grupo_0,0,Grupo_0
-3.19682686593186,3.2594832163593592,0.8519011807317209,5.390355352552044,-2.7672079073980607,-7.5026996921668925,0,Grupo_0,0,Grupo_0
6.641887539341183,-7.08594379147406,-7.223660547618554,-7.268245179806951,-6.364969077764856,-4.398217840190218,2,Grupo_2,1,Grupo_2
-4.249729111701834,-2.362714584920391,6.054089553390753,-2.4537272738852636,3.0059230284192697,-4.9277447577341595,3,Grupo_3,3,Grupo_3
-1.835333360788704,-2.051455868422618,-3.309367020430159,-1.163178338675504,-0.4184614161882445,-3.3843268947603633,3,Grupo_3,3,Grupo_3
-1.4436627864565865,-5.434542846978152,1.806120500813435,-5.423293468164913,-0.962465391719352,-1.2465448069672322,3,Grupo_3,3,Grupo_3
3.5223409309795395,10.975796847943382,4.591727886892115,1.3159426109200627,-6.823462459121155,-5.512311805337921,0,Grupo_0,0,Grupo_0
5.311961138897628,-5.0157891471624225,-10.1066447688046,-3.1295608612645047,-5.578710886132897,2.299887346240111,2,Grupo_2,1,Grupo_2
-9.8719906594442,7.974224181955918,-0.3870970806623517,1.7685742686833015,-8.728840410209237,9.276566164313758,1,Grupo_1,2,Grupo_1
-0.977262860396326,6.3807472202641815,3.0804564344885885,6.758248068607697,-7.356333193059637,-6.33652741032664,0,Grupo_0,0,Grupo_0
-5.211838974073406,11.647168261530581,4.540990951586464,3.676921427372293,-6.808831250825117,-6.805719244536584,0,Grupo_0,0,Grupo_0
-0.7705405114971026,-6.5233061204658656,1.2760894529652869,-7.724540271152093,-0.1430574478828417,-7.874614447603612,3,Grupo_3,3,Grupo_3
-2.109887221026379,-7.2646747511626835,1.8069544962839086,-3.614699784094908,-3.744006904133324,-2.6414584733017,3,Grupo_3,3,Grupo_3
-0.19913007503549762,8.55203078709085,3.3330712849305026,4.595692748532955,-8.640486417508168,-10.401262834184845,0,Grupo_0,0,Grupo_0
-14.767476158783241,12.428697047818403,2.7605000864163465,2.220203704688408,-9.195490316606598,9.838671599496617,1,Grupo_1,2,Grupo_1
-4.558227046591279,2.954431640928049,3.1092253962564036,5.350028262237467,-11.577202783936157,10.459181887892417,1,Grupo_1,2,Grupo_1
-1.7244731829423983,-3.3069234799522564,-0.2329491505597625,-7.578104663879191,-4.654763413695312,-2.210695550072031,3,Grupo_3,3,Grupo_3
-3.5824531843459,7.283233678513682,1.1240851770485167,1.765405752368995,-10.641428126228776,-4.97996968405194,0,Grupo_0,0,Grupo_0
-10.07113481263544,10.932602924170737,-1.1189670008339654,6.194464522790852,-10.285717439913473,8.6987966220003,1,Grupo_1,2,Grupo_1
-7.431125606200124,5.123987031743567,6.989953014112778,2.8340243113909978,-10.426154567012581,10.25404162946394,1,Grupo_1,2,Grupo_1
-2.753046559266101,-4.093820104311983,5.0805106385198755,-6.2114493554537,-3.380925143843758,-5.490922615511534,3,Grupo_3,3,Grupo_3
-8.036363441804301,7.808652774513388,-1.1528524869159043,4.878841191675181,-11.66819740782008,7.802490226918651,1,Grupo_1,2,Grupo_1
5.414729483679547,-2.8757396507843827,2.7620786645040623,-5.672212826262712,-2.383579577829124,-3.0241468478822453,3,Grupo_3,3,Grupo_3
-10.928483136886072,10.884762468616072,1.7930351745013606,1.942027777074557,-7.09422992178334,8.681211453894212,1,Grupo_1,2,Grupo_1
-8.608946545515078,7.954123906565396,1.7317276270592803,4.698234513847225,-5.6430149701784895,11.861821257277931,1,Grupo_1,2,Grupo_1
-5.386681566608507,9.953531174062501,3.138282111431089,1.24393530945754,-8.383893721724762,-2.2494141320036025,0,Grupo_0,0,Grupo_0
8.117332065523467,-2.217749565606752,-5.245015813185549,-7.584995072406855,-5.036512232128899,1.0915160170791052,2,Grupo_2,1,Grupo_2
-5.744193362856015,8.272942005600942,-0.39781416141143744,3.38568229245865,-11.124117974324687,7.623724562656048,1,Grupo_1,2,Grupo_1
-7.633160938297545,8.245355783792503,3.0067934804048044,-0.6577298924431165,-10.285518599460842,11.51109197120069,1,Grupo_1,2,Grupo_1
-6.027976859847303,7.0697444092211335,1.8634392225635295,6.353845792499789,-4.540431208282618,-3.70122185579055,0,Grupo_0,0,Grupo_0
-8.473736581097551,8.786771506789549,3.3095092250551064,6.2112646875089945,-8.777459589046781,8.066383297697627,1,Grupo_1,2,Grupo_1
-2.0178946987990747,10.786795522169601,4.4155396005100345,5.573462722564414,-8.570607946299445,-2.3777585109989072,0,Grupo_0,0,Grupo_0
5.097834523258733,-7.500982835142507,-2.7378077801052223,-6.379180703160139,-5.098163415766125,-1.882593459801288,3,Grupo_3,1,Grupo_2
-1.2467294256016073,11.178674113623625,1.6391378185886607,1.136916594338361,-8.06699046905366,-8.513432674710227,0,Grupo_0,0,Grupo_0
-0.7305953326491768,13.09331354203898,1.5686775617453836,3.8956090495926214,-7.099356329078876,13.65612856803498,1,Grupo_1,2,Grupo_1
-5.461229661324863,11.800090364870503,6.428332124831211,3.7686339982105683,-5.783437844126952,-6.831067949040972,0,Grupo_0,0,Grupo_0
-0.23571054229106614,-4.436313319634378,6.67578501754771,-10.908112832853579,-3.8079778437558955,-2.5102015561542155,3,Grupo_3,3,Grupo_3
-1.8009779441873948,8.367023693938128,6.106613339916288,0.7859105423844208,-4.70138394750816,-10.245058793892818,0,Grupo_0,0,Grupo_0
-3.830764402507115,-2.3678223470895015,2.4508412185465875,-11.499393583554486,-6.479423235447463,-3.9330848182553253,3,Grupo_3,3,Grupo_3
-11.142977289449293,4.813629485294957,2.5404685583615354,4.334812398511535,-11.392653997427084,9.840249223588382,1,Grupo_1,2,Grupo_1
7.272480180833616,-4.755147304086159,-0.1330406593562703,-7.0197133735689405,-4.709557375852735,0.7865749126759167,2,Grupo_2,1,Grupo_2
-4.727928067558,7.9206403773897955,6.44583223079753,1.0410868037113146,-2.5622175630677573,-7.8792000573124525,0,Grupo_0,0,Grupo_0
4.617488390703471,-0.48997421278869613,-6.276280788134466,-9.77068702685318,-0.4949567645877426,0.8098821036321548,2,Grupo_2,1,Grupo_2
10.624861737442533,-7.176088283115812,-8.356284571420439,-6.229597931109017,-2.827802544889499,-0.48983807046304384,2,Grupo_2,1,Grupo_2
-4.641641073204595,2.5444215388693108,5.300218979370737,3.600654128725647,-7.4393479332250605,9.597700753386718,1,Grupo_1,2,Grupo_1
5.149297757708812,-9.650185273994081,-4.315067485509472,-5.2721860968213585,-6.329611722969144,-0.8513055505968032,2,Grupo_2,1,Grupo_2
1.1648486560504736,-5.289810845531283,0.03215598377965456,-10.816909751965945,-2.956947984535377,0.7852231541971921,3,Grupo_3,3,Grupo_3
-0.31836131609956997,-6.63700141358405,3.664910999542774,-9.018839343008663,-0.9904538962996061,-5.100418206895499,3,Grupo_3,3,Grupo_3
1.1787434317512053,-5.183866560960868,-1.4759075123022405,-12.333809001133364,-1.0049832292973626,-1.1311031929483704,3,Grupo_3,3,Grupo_3
-3.68164954552773,-1.0668465007818488,3.125403383422932,-11.733292073429809,-2.568784041255121,-2.966931389608299,3,Grupo_3,3,Grupo_3
-1.6305771041987929,11.68966172398939,4.573575688105451,-0.2315169441285625,-7.28729460101068,-8.742366205292068,0,Grupo_0,0,Grupo_0
-9.11709982449337,5.311106713367301,1.0530504438427728,3.1274123918468018,-10.782424070593963,6.260358613306399,1,Grupo_1,2,Grupo_1
-9.870822311994596,5.006777143380426,1.9437023089272345,2.0403799704438725,-8.15549058098095,4.933530813404608,1,Grupo_1,2,Grupo_1
-0.7559229514377668,-6.302854897743074,4.3968667693537045,-5.28728333868408,-4.626424588245347,-0.5712463521677078,3,Grupo_3,3,Grupo_3
-1.5587029955378422,10.540750491407879,6.039354956055701,4.675121497827286,-4.79482180477901,-5.732159395204855,0,Grupo_0,0,Grupo_0
9.792900456906835,-4.738077480364275,-6.950811334660424,-8.565697534229525,-1.9205283873538983,-4.188474627241785,2,Grupo_2,1,Grupo_2
-2.1687055490902023,-5.0935096980373755,1.1836658750214852,-5.656755937036407,-1.7867496531155131,-3.4376492129551464,3,Grupo_3,3,Grupo_3
-2.3196862275684342,7.321381849418042,7.077678169772479,1.6055262301853854,-8.943370183132549,-7.68357419740843,0,Grupo_0,0,Grupo_0
-0.8954871702000617,14.422422936461972,3.8704332488455995,2.5210455031005794,-6.256167981874382,-2.9364763938672604,0,Grupo_0,0,Grupo_0
-7.632705374934368,4.229366859680459,4.195190395837359,6.379678649087764,-11.496525374530405,9.49304163185889,1,Grupo_1,2,Grupo_1
-3.858596823826154,7.06852431469254,5.129491973972305,-0.47276226009684796,-5.85899530186509,-11.136568603870547,0,Grupo_0,0,Grupo_0
9.44807226239189,-5.0455848807878425,-7.211778623703386,-6.435252814954249,-3.866156099365175,-1.5109464670173347,2,Grupo_2,1,Grupo_2
-3.197777361349834,-1.7855776402122556,5.195930650901602,-10.12178115824015,-7.166891151711587,-2.1096214291671673,3,Grupo_3,3,Grupo_3
-1.9474858086730353,11.345763207881046,1.0939645038955224,-2.428852346011208,-10.693767977576506,-3.7236493347079915,0,Grupo_0,0,Grupo_0
-7.849775293165915,4.929600527960673,0.5489696562957709,3.0148549656681976,-7.446553913477562,13.591639762753609,1,Grupo_1,2,Grupo_1
1.611966525981778,-2.5073043274660565,2.1665131971045155,-3.7993071765319963,-2.5007669457991044,-4.729902887922247,3,Grupo_3,3,Grupo_3
-2.169018791413897,-3.5033863050087755,0.94046290073615,-2.9142127975494736,-4.630082482483337,-2.888607779742983,3,Grupo_3,3,Grupo_3
-2.555480463033725,8.292639530897976,5.446675237073325,-0.09490767494007546,-5.581260905548339,-3.0482623107695024,0,Grupo_0,0,Grupo_0
5.070346427092041,-5.621901865896186,-8.25337742258779,-5.430805612199391,-4.456463134649679,-1.85297521906026,2,Grupo_2,1,Grupo_2
-0.5291984305651593,-2.7758460739690114,2.8311645351974875,-10.236979353532075,-6.503274793648349,-4.038782182785349,3,Grupo_3,3,Grupo_3
1.1571612665254714,-4.116954159392892,0.07599113110829059,-3.2363151966995067,-6.033132348682278,-8.077843883944762,3,Grupo_3,3,Grupo_3
-9.076988374358693,2.882907081832574,1.8208008616222735,2.0788114134190123,-7.299834425183547,8.02434635675105,1,Grupo_1,2,Grupo_1
5.128837458665126,-8.28941710320301,-9.713680833667825,-5.251368076033189,-5.61860572848318,2.9146936927077673,2,Grupo_2,1,Grupo_2
-8.757711910236683,14.741642559675176,1.1659476693191113,-2.1403271834514976,-4.323201111127169,-0.7807285774277641,0,Grupo_0,0,Grupo_0
-4.792123971060953,-4.93949830205615,4.85756781363578,-9.305563992787992,-5.657953676811855,-1.1889145533931889,3,Grupo_3,3,Grupo_3
-4.132391485717768,5.954435461292681,4.725087506876166,0.048236606294127515,-6.295162411674401,-10.769848708785014,0,Grupo_0,0,Grupo_0
0.7151457078071948,-6.4399102294670305,-2.211539419110987,-8.542632991524998,-6.0729885524581775,-2.8697341343269156,3,Grupo_3,3,Grupo_3
-1.196628005535279,-0.01808857806456743,1.836871677926828,-7.818648543378933,-4.015830408131746,-2.9850671224350793,3,Grupo_3,3,Grupo_3
3.902829771102054,-7.301025157059306,-10.129813800955777,-8.842636211666957,-6.870110130979793,2.9850628297608717,2,Grupo_2,1,Grupo_2
1.1628966414583752,-1.7545404361500032,-4.6056443003079774,-4.998891508183043,-3.501645990059985,-2.9599152890863367,2,Grupo_2,1,Grupo_2
0.9719656271080717,8.389169841700939,5.361612909427744,2.623974280868784,-7.21539904482764,-4.853088910376491,0,Grupo_0,0,Grupo_0
-10.851257135993201,10.015643277142903,-3.401893309450079,1.1759780531901853,-11.985256254550888,6.01692531963808,1,Grupo_1,2,Grupo_1
-7.586663453182986,7.447957133451103,2.039958131434617,2.510648707237291,-7.841239063577614,10.45062940421336,1,Grupo_1,2,Grupo_1
4.036762031250758,-1.2934112984300548,-2.1597695123129492,-8.541582040783148,-3.5469101398365357,-1.206106486765362,2,Grupo_2,1,Grupo_2
-8.775300587785805,3.465727345641527,2.433037148290598,9.652009411302906,-8.355843967797803,9.254402660726228,1,Grupo_1,2,Grupo_1
-8.000682683925717,8.113912808455648,3.1954692093854913,0.3225212479031443,-7.6963384141164966,10.929369028273891,1,Grupo_1,2,Grupo_1
-4.435357444467576,7.322738733969266,-0.9323850786878274,5.285136338001676,-4.373192490241166,6.861298310275256,1,Grupo_1,2,Grupo_1
8.117008849668878,-6.267287420542596,-6.156419229562738,-8.152339555355862,0.4551875319928431,3.095283182401197,2,Grupo_2,1,Grupo_2
-0.014172348403619583,1.7736476827140981,9.86081559817992,1.6241956135527977,-4.109170149307479,-9.479874411089774,0,Grupo_0,0,Grupo_0
-1.0954235089738897,4.612379230308777,6.523232888989432,2.926065646147676,-3.655245305944406,-5.19715621510105,0,Grupo_0,0,Grupo_0
7.0371653140069395,-4.757849623628134,-6.50827003055026,-8.169701804742793,-4.379966343181172,-3.503358272841021,2,Grupo_2,1,Grupo_2
-8.735013675959465,8.431028241617142,4.401174661299283,1.6085454120201583,-8.40463036649588,8.729094315992903,1,Grupo_1,2,Grupo_1
-5.369141743692926,-8.712626769742677,2.9768909953128277,-6.87155070015927,-5.221652025212015,-6.815622096956927,3,Grupo_3,3,Grupo_3
8.776663061959031,-2.6935779900779937,-5.518611770495425,-7.81251191496336,-1.47587169663612,0.4970174012812461,2,Grupo_2,1,Grupo_2
6.20851905713099,-13.002002486105681,-2.185131717264297,-8.58534900267426,-2.6508165596272484,0.2783757922742355,2,Grupo_2,1,Grupo_2
-3.351025561783931,-3.6956933334850426,1.8356588706930963,-8.598338043461753,-3.0872004629140495,1.6349236599894583,3,Grupo_3,3,Grupo_3
-4.3465662556872955,-6.707028299646885,-2.601517004836926,-8.583020141368603,-0.831026168348596,-2.9742311053098396,3,Grupo_3,3,Grupo_3
-1.7058045844270675,10.069088013786534,8.674157008874719,3.1070054377256815,-7.490018779377892,-4.469891672555054,0,Grupo_0,0,Grupo_0
6.393866024418606,-7.859299361750293,-4.486318707354657,-4.695832235167271,-1.4850127264599409,0.461867044198169,2,Grupo_2,1,Grupo_2
-4.5546948316085185,9.005849984670942,4.21441727991578,0.8400995606225441,-5.138658572509482,-4.49184657184967,0,Grupo_0,0,Grupo_0
1.4413179318782587,-2.1614804390237277,4.676616237668998,-7.187978527786925,-7.695917196579903,-0.22808245359832213,3,Grupo_3,3,Grupo_3
0.24376819645156766,-4.851086206948883,2.7813533971655064,-9.271748637685882,-2.398376658733075,-2.8673167244673485,3,Grupo_3,3,Grupo_3
-13.416189952481886,4.252413337334296,-3.1666697878321575,3.946277323943676,-9.96411126476363,8.581456510273975,1,Grupo_1,2,Grupo_1
-10.040412230415958,9.063942908396925,0.728068802691139,3.941223445848226,-4.163468643882594,5.838990451030078,1,Grupo_1,2,Grupo_1
-0.7355680802051514,7.925570201773713,5.922643331668308,1.3243029899809389,-5.032600988932512,-5.341690883243313,0,Grupo_0,0,Grupo_0
-2.05083893075812,-7.2364227136573405,3.65341036215173,-8.831295787007006,-9.548220471808218,-3.6009065608021507,3,Grupo_3,3,Grupo_3
-1.2284513448261376,-2.0121928057010368,1.0448667428380007,-3.0173331114919852,-7.8083592778418565,0.30538856995341535,3,Grupo_3,3,Grupo_3
-0.18262147024520825,-0.9956683324793025,2.932013994994896,-9.328807513371824,-4.045726615367759,-6.088048336460378,3,Grupo_3,3,Grupo_3
-2.142792551290875,-6.165389471061046,1.6146237562459018,-6.424799045832498,-4.94731443210307,-1.8869164262975897,3,Grupo_3,3,Grupo_3
2.352593796023689,-9.294010160466037,1.6852360020516735,-10.541818889522172,-8.28771372267936,-0.2553715207641245,3,Grupo_3,3,Grupo_3
-3.807651642384098,9.882796780766157,2.645571723968498,6.7741727411327926,-9.226090531341724,9.457954651452274,1,Grupo_1,2,Grupo_1
5.947597682479392,-9.260383179454113,-6.63384813183653,-3.551658254877977,-2.201929929031826,4.000151947442562,2,Grupo_2,1,Grupo_2
-2.1753453610970443,8.633111537246961,6.410150527949577,4.364925475927192,-8.844600842421144,-10.208191977170392,0,Grupo_0,0,Grupo_0
6.916496448489178,-6.616084989279544,-4.643668225729417,-7.864367981108048,-4.0577580579416,3.4550972406369804,2,Grupo_2,1,Grupo_2
8.38366089898658,-3.961744437035348,-10.68915748206885,-2.9971954391798916,2.3283826752403893,0.6101445994856096,2,Grupo_2,1,Grupo_2
-2.8601996142106945,-3.1455346983846377,4.366035509180583,-9.484323885240352,-5.285364190154798,-5.217541860319064,3,Grupo_3,3,Grupo_3
-2.9392024677594364,-2.676790480234901,3.2013349957762207,-9.234848034682683,-0.6095180008774772,-1.9393830433187076,3,Grupo_3,3,Grupo_3
-12.670079156360838,6.832821287028861,2.7765502571185143,4.6002921298674035,-14.197794072785815,7.172402423190206,1,Grupo_1,2,Grupo_1
-2.80662987270707,-3.4375647476956197,2.0751272449528986,-6.977783655251718,-5.531919110456501,-3.947923009366372,3,Grupo_3,3,Grupo_3
-0.7423982580574235,-4.1995782493225295,4.434467827124218,-6.008601303590795,-0.5406988011672182,-3.822411289914016,3,Grupo_3,3,Grupo_3
2.7319294845994477,-7.753804313675229,-0.9769398906843407,-11.249738964376244,-3.225486563095499,-2.2565303163383548,3,Grupo_3,3,Grupo_3
-4.665653942070183,4.967127901019012,6.059247211638804,3.3563811696907626,-6.274729841346255,5.88115951949604,1,Grupo_1,2,Grupo_1
0.5865100555313392,9.067465070038475,5.411961367725511,6.228707045528827,-6.27774424242985,-0.37590180782495963,0,Grupo_0,0,Grupo_0
-2.2667077105709548,10.502178691790606,2.5943271281444202,7.204137873154383,-9.394670644900526,-9.915581125245277,0,Grupo_0,0,Grupo_0
0.5224440563950468,-3.9258514082897413,0.568724441406389,-12.814912623231447,-3.6434678117048795,-4.611779645632144,3,Grupo_3,3,Grupo_3
11.548445952870123,-4.626685162856006,-6.156568396394423,-6.2399527199957365,-9.87592211277361,2.3580057933568006,2,Grupo_2,1,Grupo_2
-4.983209673699202,8.699818827949201,4.779191116949838,4.708648480118104,-11.110788765438318,-3.0562337946244122,0,Grupo_0,0,Grupo_0
8.279618195034011,-9.83155556247716,-5.162849402343175,-8.969678991632447,-1.8581981887242396,-1.9114988971526836,2,Grupo_2,1,Grupo_2
6.794778543053175,-7.262865114526864,-7.2215154729655815,-11.546390900193835,-1.4808395636783263,1.2421230834491621,2,Grupo_2,1,Grupo_2
-2.0545319854065123,9.634837593949161,3.491476587377491,-0.15144123972124746,-4.803787649790657,-9.020319158048114,0,Grupo_0,0,Grupo_0
-4.626181918223763,5.22716806648366,3.5235914560605486,4.114166669749412,-6.34439283082576,-9.994456540055918,0,Grupo_0,0,Grupo_0
-14.818218267418569,9.435458854952953,2.0083995007439994,7.107733280416966,-13.021817336508324,10.697952392061767,1,Grupo_1,2,Grupo_1
-10.838424167630127,7.1647114789603155,5.115895571574524,3.018197418203934,-9.695368567362888,9.543253880260874,1,Grupo_1,2,Grupo_1
2.873758520726141,7.0959172209781975,6.820680428029797,2.431524698286611,-1.4051198581070894,-8.900855306663825,0,Grupo_0,0,Grupo_0
-4.432053497520996,6.66452837542616,6.713565941057473,1.4886043370087232,-7.540914294427797,-11.88976550429283,0,Grupo_0,0,Grupo_0
-10.431597124207997,8.469489674377414,-3.195267311640996,2.69990722927791,-9.665957446261206,7.123988500785302,1,Grupo_1,2,Grupo_1
8.623652121460566,-3.3292952220522096,-5.546362154331894,-9.8051566284588,-4.404401468676499,3.145352982416421,2,Grupo_2,1,Grupo_2
-8.14493160172432,7.26782546753942,2.8275060117816393,4.1337215460494035,-11.620846044734275,11.45639683243415,1,Grupo_1,2,Grupo_1
-10.607392493691076,5.543088255058594,1.745636813470852,1.9198459876328884,-7.483350875453634,8.47517904212127,1,Grupo_1,2,Grupo_1
-11.245159169847541,6.806994716258586,3.5478406588372318,4.553883958341994,-11.05463828799379,9.958738053966869,1,Grupo_1,2,Grupo_1
-4.014727773957201,10.186221768385881,2.1439152382573727,2.727649433489397,-4.964426495189544,-3.8127765335651778,0,Grupo_0,0,Grupo_0
-9.000049269217307,7.505708160537492,2.205292712368412,3.7858440839252587,-6.609041371316289,9.188902143616856,1,Grupo_1,2,Grupo_1
-5.43398971232847,1.8336305949941982,4.57109157360151,6.403798675615092,-2.726479154781595,-8.022850234741625,0,Grupo_0,0,Grupo_0
-5.734099872405385,5.776589198039281,3.8004170880027806,6.145723497164214,-7.528605569560282,-10.637966976071212,0,Grupo_0,0,Grupo_0
-12.10675221221342,3.328842579261609,0.44723778602943964,5.991340312195524,-10.080614634076175,8.23674434795084,1,Grupo_1,2,Grupo_1
-2.8752996269971804,-4.255523122740378,-0.7153733147133741,-10.08932555954502,1.121133805953324,-4.824176643660883,3,Grupo_3,3,Grupo_3
1.6722333440415085,10.061833651613435,2.8773491968320792,1.8337469897964669,-5.483809909846964,-6.690096114744918,0,Grupo_0,0,Grupo_0
-2.339558846734242,11.14622031600387,5.851710879464289,-0.1427219535364519,-8.488501771944925,-4.305207549323043,0,Grupo_0,0,Grupo_0
-13.044974491942725,4.763451438282754,1.3227743789216604,1.7501070686454305,-8.323396230444288,7.577516537223353,1,Grupo_1,2,Grupo_1
-2.706045949212573,-3.009305703938508,2.434677399823288,-7.930512863236957,-3.699574708516932,-5.151580736887746,3,Grupo_3,3,Grupo_3
2.6213106129107677,-0.512390937335709,0.008199169811327955,-7.035862113385963,-5.783748582636124,-3.4893820420976946,3,Grupo_3,3,Grupo_3
-1.1328128056293112,-5.1265569564550395,0.660911758983896,-3.117416766977307,-6.107466732765067,-0.8345898591886973,3,Grupo_3,3,Grupo_3
-8.128950197482258,4.85383956324683,-0.09482718044923599,7.285498819162576,-7.63993760432062,9.300648244796026,1,Grupo_1,2,Grupo_1
5.656064487088804,-5.856897231432346,-9.111098717187636,-1.840246798743781,-6.0488938409626,-1.1784636514389688,2,Grupo_2,1,Grupo_2
6.2242219218141095,-1.6613678818578776,-6.821752429673481,-6.381395664233094,-5.120939068150003,3.242587026249669,2,Grupo_2,1,Grupo_2
2.581340513841564,-0.6967422100107736,-3.232148828284911,-8.279458356731288,-3.234101649175221,1.5387913571979948,2,Grupo_2,1,Grupo_2
-12.259115353718038,12.291712913575722,4.3007070403009795,4.42583603409961,-6.42904341994728,7.282407099575547,1,Grupo_1,2,Grupo_1
-3.885539746781709,5.962505063412925,3.369528342109824,1.603718886897053,-8.012748213708804,-3.248940757099083,0,Grupo_0,0,Grupo_0
0.513264061438184,-9.212670277305682,3.0728755308313485,-7.935076173050763,-6.253358570255518,-4.528980078550164,3,Grupo_3,3,Grupo_3
1.6516305488553114,-5.668143820567774,-4.829073516383216,-5.393270158863191,-3.49622987630677,3.4007776264089244,2,Grupo_2,1,Grupo_2
-3.0678625789823806,8.140994137902828,4.5913298215087694,1.2152202268550434,-4.879772436296145,-10.920886114367416,0,Grupo_0,0,Grupo_0
-0.8329960799497189,6.334643045597932,0.7554819211879407,4.017893829003304,-5.938603375907478,-9.135238479169722,0,Grupo_0,0,Grupo_0
-7.4554548656879875,5.953022170081772,6.8309147219265585,2.224914130874454,-13.811267709002106,8.220037691483586,1,Grupo_1,2,Grupo_1
-8.623595240902684,1.7752719836298656,1.4478011584261912,2.032935470270125,-9.150281566812671,16.86134454974841,1,Grupo_1,2,Grupo_1
0.8685579282441869,-6.958654281325739,0.59446980190428,-4.723727197605109,-6.061507956002251,-3.4220032757869516,3,Grupo_3,3,Grupo_3
-6.739168095558038,3.9297290658938655,-0.2293782214170248,1.7509513773627972,-6.888169966235676,11.755168328590075,1,Grupo_1,2,Grupo_1
-1.89888412758391,-0.31972562688590633,4.722936693986148,-4.954444287100531,-5.406788105322766,-1.315182435902035,3,Grupo_3,3,Grupo_3
-3.3068324622192957,7.0242214861895995,7.329896682724597,2.0264488056205874,-2.1266504767687513,-7.031761627812498,0,Grupo_0,0,Grupo_0
-4.452295343638557,-0.9893166264169029,1.9987051664558833,-2.884318249816241,-9.771071773208543,-2.184255080917865,3,Grupo_3,3,Grupo_3
-13.892824356540878,7.070321118744871,0.5262062834115584,1.7449818284576208,-9.758618677003835,10.308123620371731,1,Grupo_1,2,Grupo_1
1.8256099970410307,-7.014506957933734,3.5102962035526097,-8.750300825299972,-0.1144947179914304,-4.598825131970863,3,Grupo_3,3,Grupo_3
-9.058560383277111,11.069042389136381,4.857496506823529,1.2256513077760633,-6.6502252498125145,-11.849031879778178,0,Grupo_0,0,Grupo_0
0.5548715642733133,-5.210154551726303,3.3890510034875083,-11.015958582663522,-2.1621688928408735,-4.0605362039470405,3,Grupo_3,3,Grupo_3
-3.4623320909244137,-2.4573210700509405,1.1475835703885,-9.313746572281683,-5.351706656055114,-2.7842794645836695,3,Grupo_3,3,Grupo_3
-3.1065677402187744,6.745376973094327,3.19795050980727,3.861647748505122,-5.627334222090318,-9.323997705272324,0,Grupo_0,0,Grupo_0
-3.1122877676935747,9.894424619484063,1.5110302757519913,5.582581194123881,-7.085005137132692,-4.086870014305628,0,Grupo_0,0,Grupo_0
-0.8143039618039658,-4.592454047785145,2.20706453287828,-9.655180345765583,-7.90018801550607,-0.8564840782860152,3,Grupo_3,3,Grupo_3
7.635302779718984,-6.817606798063453,-5.2372613464129,-6.98630552848406,-2.5253015116946402,-4.26723250238184,2,Grupo_2,1,Grupo_2
-2.0219892101663524,-6.110926741921412,0.7304971329111964,-7.205665184197641,-6.8051363002278915,-3.923415675592855,3,Grupo_3,3,Grupo_3
-1.0979030673834904,-3.7989109639275767,-1.5205592539461117,-4.720888401033258,-6.360691292363126,-2.4469886361100786,3,Grupo_3,3,Grupo_3
-2.260069210333647,7.755596992907823,0.7632202585627699,2.1445771209558004,-9.535386475466533,-5.696128516687993,0,Grupo_0,0,Grupo_0
-5.186428868205531,10.220467166306285,4.081221872913474,3.7581709191709622,-5.696533129717408,-7.062181874918129,0,Grupo_0,0,Grupo_0
0.3639856926614393,7.256345065383603,4.552407609985697,6.400171273029507,-8.447044835620689,-2.3489881982836245,0,Grupo_0,0,Grupo_0
-0.7176668611143117,-5.752533203407133,3.3179396799484397,-9.003077538765341,-9.237991440041599,-5.976652600403794,3,Grupo_3,3,Grupo_3
-7.695126745097907,10.963078720865619,3.7835665844259836,6.1340932743597065,-9.37874354426055,12.924344906248646,1,Grupo_1,2,Grupo_1
-2.729902743930887,15.463559472334119,2.6306924163037744,6.070961697550901,-2.685375155960168,-8.264080197545933,0,Grupo_0,0,Grupo_0
-5.533434480155519,10.514107953188834,8.466755917087344,5.020074313184024,-7.41323436847679,-3.1532942511510664,0,Grupo_0,0,Grupo_0
-3.346135953319102,8.005164970093329,2.252072387854719,3.0321673479243847,-1.7233148930434075,-9.548941878911629,0,Grupo_0,0,Grupo_0
9.270059443634917,-4.533780733723631,-8.199083960785583,-6.685733896275942,0.08064937829333729,2.3289981664094217,2,Grupo_2,1,Grupo_2
9.820310905127108,-4.52468589554566,-9.421551231012813,-2.7703404727382153,-0.03704197473992199,2.7008448641427965,2,Grupo_2,1,Grupo_2
-8.096888893784106,8.481484903667665,2.515530898942192,4.939723239528121,-5.338416677643,12.0770549238271,1,Grupo_1,2,Grupo_1
7.574382540862788,-4.292432370346202,-6.614689957287251,-6.4753865604351795,-2.888779927490204,-0.08254506099944348,2,Grupo_2,1,Grupo_2
2.37234442991715,-6.735943288188131,-10.283471319758657,-10.063065477946306,-6.418441776304163,-1.8103436309343115,2,Grupo_2,1,Grupo_2
-1.0525266728985634,-7.820949980586038,6.312382806633615,-6.284272118637048,-5.630241356283307,-5.806267429863713,3,Grupo_3,3,Grupo_3
-0.7301604278305258,6.202680898603648,0.8045934093890459,5.1673617386870045,-6.048842161202291,-8.751325934667332,0,Grupo_0,0,Grupo_0
-2.5625356601638716,-8.862647356157993,-0.6564815810909943,-12.162213964265748,-4.252916618539068,-0.6258482070041258,3,Grupo_3,3,Grupo_3
5.649102840735145,-7.616137212227853,-6.6259199247670475,-4.799932948973099,-3.9788904622722447,-0.047768385197384244,2,Grupo_2,1,Grupo_2
-3.6938648201254582,-6.667746262044478,3.9575711605797963,-8.319139862477627,-6.291664748056579,-4.280721489193742,3,Grupo_3,3,Grupo_3
-5.171981780741182,8.251224367311652,3.1160983308298933,1.505741426477117,-6.738002378908503,-5.55587770738412,0,Grupo_0,0,Grupo_0
-9.741984673370975,8.364638010752335,1.8875381123498278,1.7056926049776227,-6.783665473507774,15.198298848283034,1,Grupo_1,2,Grupo_1
-9.800882285918169,8.280995377351024,2.375443085082834,-1.1649646435970924,-7.667792072504608,9.936688306880606,1,Grupo_1,2,Grupo_1
-1.981653955046204,8.77250334852234,3.277581119205727,2.9710099698209094,-6.973713947213391,-4.121854888234643,0,Grupo_0,0,Grupo_0
0.7544993948330725,9.06679573228022,6.344761264465511,1.197502792457092,-6.069211309930164,-7.2054672291951585,0,Grupo_0,0,Grupo_0
4.716278542001678,-7.93003721554383,-4.5520212090501815,-5.210696167440224,-4.311499371850387,-1.7999190214526553,2,Grupo_2,1,Grupo_2
-1.6918791886423437,8.466534806176162,6.713392789186824,-3.5546685885789806,-6.290590795879855,-4.95294660855853,0,Grupo_0,0,Grupo_0
7.7033030016356125,-2.477738016232234,-6.9034019567335685,-3.988216071664011,0.17251084550955298,3.77436225582641,2,Grupo_2,1,Grupo_2
-4.96910161162217,-2.5799496989177277,6.597835681305368,-5.5511281155572565,-3.6451123360908437,-1.649910827186181,3,Grupo_3,3,Grupo_3
6.670811953253805,-6.347426078836937,-6.1719779797288385,-7.611318697787082,-9.177028905106782,5.600573408981584,2,Grupo_2,1,Grupo_2
10.470722442360707,-5.9558326982388365,-8.884622487226363,-11.546654497264667,-7.595247823376225,-2.939458429601893,2,Grupo_2,1,Grupo_2
-5.957495693089069,7.186961028343524,4.557061404043608,6.459564342735201,-8.173655438741699,-6.3206397141787,0,Grupo_0,0,Grupo_0
-7.051803280044465,2.198669719055008,4.91998539725392,3.320814709218229,-8.524585280983375,12.391314352352955,1,Grupo_1,2,Grupo_1
-3.937145097509742,10.445743081588718,8.138267427693107,4.284753891222654,-6.730551266350835,-8.497451537539881,0,Grupo_0,0,Grupo_0
8.329586336109442,-9.504409159341982,-10.060443465473702,-2.1512450426875045,-5.7586048995541415,-1.5903334891868024,2,Grupo_2,1,Grupo_2
4.744291136861314,-5.227300002582259,-2.53766424497196,-8.27714676751311,-0.9856297826246334,4.240372716364218,2,Grupo_2,1,Grupo_2
0.4051640317104468,-4.22322264567343,0.8721530766602701,-10.584246962509514,-0.606644682340765,-1.19247838341387,3,Grupo_3,3,Grupo_3
5.650189089826304,-5.430249103105201,-6.5216855556002775,-7.9812814060662385,-1.455524281793879,0.8098449590864017,2,Grupo_2,1,Grupo_2
-4.921518627626683,0.6035979716191431,0.6341455709554638,-7.872785279180611,-6.413742929265187,4.073058955716553,3,Grupo_3,3,Grupo_3
-0.49139113145947455,6.58042062893715,5.830773259618649,3.2368450818572994,-4.22910242240407,0.019040504001747394,0,Grupo_0,0,Grupo_0
5.268199685726914,-8.496076910506511,-0.633722488811272,-1.6632547925279466,-6.820319691449953,4.450420510903675,2,Grupo_2,1,Grupo_2
-11.581748554063676,3.6312105966689496,0.17387171621658482,7.141199891954841,-7.213270542409838,10.005708848375885,1,Grupo_1,2,Grupo_1
-0.21006050255062503,-4.52427230335892,2.879016037759397,-7.781304146483015,-2.4894433474747517,-6.535404152642254,3,Grupo_3,3,Grupo_3
-2.90701217726801,-6.162651313543387,-2.943830059792406,-6.8250431827501945,-4.363851391841633,0.16771530248018962,3,Grupo_3,3,Grupo_3
4.744883153417886,-6.518252672327999,-5.999932612343589,-8.091185801259908,0.31571129034876666,0.8559448119598494,2,Grupo_2,1,Grupo_2
-2.857813312255249,7.888812966069793,4.6411987333695945,3.476186556263519,-10.489264231485125,-12.620561976119042,0,Grupo_0,0,Grupo_0
9.133308352334533,-2.318431823405853,-8.494467571043247,-5.1434957762012985,-2.3340195992034936,-0.6903168051151549,2,Grupo_2,1,Grupo_2
-13.438522117900392,7.242821387875027,3.6236575725511093,4.469147060061362,-9.871130245373301,6.150156134625325,1,Grupo_1,2,Grupo_1
9.716439308630616,-9.704727638457399,-3.2520877549698484,-0.7531625253619518,-7.217351029252539,2.423633119904174,2,Grupo_2,1,Grupo_2
-7.610308593106019,6.428449466131237,1.6738072332060903,6.0105844352325875,-14.361700332852184,12.69395285537156,1,Grupo_1,2,Grupo_1
5.832169697235826,-5.441337537274641,-2.5748886349773685,-5.377574380525051,-4.848576203316957,-0.7553659100952321,2,Grupo_2,1,Grupo_2
7.48494910312974,-2.0580380405433667,-8.847474444843078,-5.992098384885454,-3.703988174834377,-2.178007601742943,2,Grupo_2,1,Grupo_2
-4.7298823671246755,8.22514264408819,-0.13643377754815944,4.083442833573199,-9.543267933972835,10.579772907848401,1,Grupo_1,2,Grupo_1
0.40754465000326734,-2.233087965152089,6.256845547245484,-3.826488667906155,-0.7906778727698964,0.9364126637894299,3,Grupo_3,3,Grupo_3
1.4056764335606085,-9.86196977405466,1.7267334722657994,0.5840800360609562,-4.187215911695466,-5.47468226086679,3,Grupo_3,3,Grupo_3
-2.113164517238432,-8.24369651590745,2.7045334187592505,-7.320806086570785,-5.9795051543785425,-3.1452988783323512,3,Grupo_3,3,Grupo_3
-0.22047590583635324,-11.787058544147065,4.79114592901661,-3.619202701349778,-6.782573372699811,-5.103508745963253,3,Grupo_3,3,Grupo_3
-2.076245308424795,9.977579577520414,2.4302352457252687,2.357482448804552,-6.73410539503627,-9.737535337852504,0,Grupo_0,0,Grupo_0
-6.955998245313447,12.75439690692128,6.2757929771132455,1.8342080066645943,-6.179705625351719,-9.693832211521888,0,Grupo_0,0,Grupo_0
1.1549242992511348,8.449845376981983,4.808699347947911,-1.5887007815929097,-8.240584002464226,-6.6028031190012815,0,Grupo_0,0,Grupo_0
0.9977881542874978,5.5096584712176195,6.107021570728778,7.449308748465678,-9.355968003977992,-8.295853917282876,0,Grupo_0,0,Grupo_0
-5.669198978666076,8.045342923023293,-0.8704913119190016,0.8286306689763925,-13.467090736731274,11.05332663013607,1,Grupo_1,2,Grupo_1
-0.11389164023715326,-5.030788823857258,2.724750208004095,-5.866426025443092,-5.603256351486465,-2.8664988838586356,3,Grupo_3,3,Grupo_3
5.735650670498724,0.21670147737735324,-5.9133230616180334,-7.014243103495106,-6.004377653359336,3.238179111660853,2,Grupo_2,1,Grupo_2
-1.1579067081800134,-1.2283085859750522,1.1493647905067996,-7.989312501372249,-7.479626122354258,-4.5285831663175955,3,Grupo_3,3,Grupo_3
-7.919623592950249,6.539698700067708,4.326803989807306,5.368171273943941,-8.538073887954347,10.915323526279064,1,Grupo_1,2,Grupo_1
-6.400652369702128,7.94399822578354,8.391778312813878,4.098724039224464,-7.751257527170918,-7.753253854072018,0,Grupo_0,0,Grupo_0
-6.525313423696681,9.52294521786638,2.749001973017343,-1.5824645900534535,-8.496059401757586,-9.583979602311935,0,Grupo_0,0,Grupo_0
0.17488175159668007,6.447997879670671,4.972303021595291,0.222867646592799,-3.892010618839164,-10.688076855235384,0,Grupo_0,0,Grupo_0
-8.362268031823366,8.446569718711288,0.7477835018869692,4.247554085185512,-15.809128497616424,7.752576012405266,1,Grupo_1,2,Grupo_1
6.742789964348099,-6.539944858404708,-6.040080639098441,-12.283757566740068,-8.489359678829452,2.035046147761853,2,Grupo_2,1,Grupo_2
4.733739810007436,-6.906385412680245,-11.995484142686337,-5.4919893693298825,-4.597266506659572,2.920566339064405,2,Grupo_2,1,Grupo_2
6.762762518863181,-4.194699940734688,-4.604900323010752,-0.9445881094734689,-4.7033967790245566,-1.8574281190211903,2,Grupo_2,1,Grupo_2
-10.177831414266755,3.055128021516336,-0.7690108650074721,7.250980605938255,-9.97805555892562,8.027478802013384,1,Grupo_1,2,Grupo_1
-10.914438773027424,8.629808178663097,3.068295787085885,7.665448038286982,-7.962184882743603,5.640496288840341,1,Grupo_1,2,Grupo_1
-8.952108369889116,6.262932082003594,0.5977179142672788,4.985223394853431,-13.38124435576315,11.2746449620443,1,Grupo_1,2,Grupo_1
11.793380758752841,-9.349245703420875,-7.651427903588032,-6.6482070453162,-2.8165234146642693,3.6650298504024796,2,Grupo_2,1,Grupo_2
-5.052742685952818,-1.5309146771843651,0.9066981690148348,-8.18154333818717,-6.966803042109622,-1.727647483056458,3,Grupo_3,3,Grupo_3
7.109625476203695,-6.8032871046698835,-11.125187389521646,-2.720879315293605,-6.984355051949389,-0.983066390779507,2,Grupo_2,1,Grupo_2
-0.7438344686161559,-6.98841176538347,-0.48467563174326544,-5.80644121239383,-2.7499708281528106,-3.0171157850959833,3,Grupo_3,3,Grupo_3
-7.373567253724388,5.481597575629648,-1.5158677449462932,4.707786661948273,-7.064630642594029,7.285843446756145,1,Grupo_1,2,Grupo_1
7.392507948802977,-5.40447329606583,-7.075593000213491,-6.597395028030706,3.8305934443688985,-0.15030921243382867,2,Grupo_2,1,Grupo_2
0.37316565418277814,-0.21418125814651479,0.26201515240956974,-5.478084761206857,-4.8663738502074665,0.30342432885753956,3,Grupo_3,3,Grupo_3
5.2320900458708035,-7.252771271227131,-8.006338061553134,-8.076207062676936,-5.548812380121264,-0.4712254070996421,2,Grupo_2,1,Grupo_2
-8.844337358933146,5.850343786025437,-0.7081088469310486,6.248329871733114,-7.303881060619987,5.533872576513053,1,Grupo_1,2,Grupo_1
-12.324565428784165,9.958251796238411,-0.9640071145509119,4.875959772907741,-11.701195010149348,10.781669500925952,1,Grupo_1,2,Grupo_1
6.9922340145260256,1.5422161012157547,-6.823865195065993,-9.157356626643033,-3.2326283470732813,-4.691471461221163,2,Grupo_2,1,Grupo_2
3.4756250529006754,-1.9128258542971137,-6.6417977778524895,-5.584195467878559,-1.8322607242356588,-1.0804946048663333,2,Grupo_2,1,Grupo_2
-2.7774529830633226,10.133578442724016,0.7126884560568532,-0.8437489883337812,-9.86443970714891,-6.52275185636668,0,Grupo_0,0,Grupo_0
-9.868879619197186,9.60720724554222,3.3663749922388746,5.231917175447349,-10.28829336877015,6.20062020269042,1,Grupo_1,2,Grupo_1
-1.9111446963068703,-4.49393437701406,2.4936717157967507,-7.954613177519064,-2.574043754007903,-3.641837715784282,3,Grupo_3,3,Grupo_3
-2.3034876498641896,11.6779870658617,3.346657710977171,5.496538284404682,-1.1323818821031448,-7.787205994375094,0,Grupo_0,0,Grupo_0
-6.129232374093361,3.517271236648117,5.739914961361432,0.718034123059204,-9.432709233978052,-5.109218475027563,0,Grupo_0,0,Grupo_0
-5.177884659754916,9.815669849163223,2.723891246089517,8.558002766408743,-8.658046432566794,10.371095032409707,1,Grupo_1,2,Grupo_1
-12.79729873110496,8.356020195843197,1.4871309905445222,5.109965049933683,-7.862128398780168,10.06223952617122,1,Grupo_1,2,Grupo_1
-6.206476544988072,9.47268592764621,4.601604213295612,3.421398432943453,-6.580676270115887,-9.312781945479836,0,Grupo_0,0,Grupo_0
-2.02323686910941,8.1313703961716,5.486088444882329,1.2346661585931584,-6.458474750477234,-3.5861157542560473,0,Grupo_0,0,Grupo_0
-2.0667011069657573,-1.5484814698588778,-0.6702895726846925,-8.103660407385913,-1.7745832837605127,-3.4224568203676964,3,Grupo_3,3,Grupo_3
-11.380035578077253,6.7133217313132,1.9240320157950976,3.825209594916577,-8.753660197662615,12.976613997817845,1,Grupo_1,2,Grupo_1
8.14938523036913,-3.358387648395267,-1.8444793864348297,-5.066515664279542,-6.555232140725915,-0.14723418015969658,2,Grupo_2,1,Grupo_2
8.816821348077783,-6.9966037149697105,-4.9223722930519305,-10.103299723463465,-3.452728703126355,1.6270195128364935,2,Grupo_2,1,Grupo_2
6.222888402537945,-7.785276762275889,-4.293353618624715,-3.6542085519243113,-9.101371018350024,0.4400414726340811,2,Grupo_2,1,Grupo_2
-1.6525279932910069,-3.6399948432097866,-0.20449289521130032,-6.8094506434152215,-5.216690874811845,-4.586791026701635,3,Grupo_3,3,Grupo_3
3.26900048487649,-5.219874727323209,-0.5069695612417271,-8.114193060390527,-0.5681795463865784,-7.243777836231073,3,Grupo_3,3,Grupo_3
-9.445980753838176,7.3292427558574635,4.6982131354389995,7.34118261076755,-9.86534151478167,8.427589409436038,1,Grupo_1,2,Grupo_1
2.1073948670664144,6.33907421238294,0.8260659089162541,0.24339950923762088,-6.993592232040014,-6.271760969969217,0,Grupo_0,0,Grupo_0
-10.665718445924693,9.218327540307753,3.736069581839686,8.782973639161938,-10.02721997783199,11.069834055134653,1,Grupo_1,2,Grupo_1
-9.344638324298085,6.002780298841255,4.612519362479816,0.6040142427667261,-12.01362076503306,8.404302629510582,1,Grupo_1,2,Grupo_1
-10.057978012604814,9.473909990082559,9.141156790005235,5.070535566289325,-6.355478652964706,-8.109200057356064,0,Grupo_0,0,Grupo_0
-2.3983903224585035,-0.420534783067672,5.765450048811652,-5.246758779433455,-4.973641480948668,2.2906878540245676,3,Grupo_3,3,Grupo_3
11.809403153139463,-5.357980596767452,-4.314151362712751,-6.820591411896258,-3.1720870868465294,4.663270737018592,2,Grupo_2,1,Grupo_2
-1.4177981126585806,11.27412323091381,-1.2674522526264944,-0.5511570778341119,-5.331741538638275,-1.7363709189967,0,Grupo_0,0,Grupo_0
-4.06582102738888,9.500804766291429,2.7837023719829808,-1.3268865941110324,-8.409049918414484,-6.972701585896977,0,Grupo_0,0,Grupo_0
-5.275035058067821,6.023769567996645,6.671193392213596,5.363769755367789,-7.059652495102105,-4.3712773485458865,0,Grupo_0,0,Grupo_0
2.054873902478411,-6.019758957751264,3.95347726133053,-5.357438335253448,-6.3488497433438695,-1.0216132532472901,3,Grupo_3,3,Grupo_3
-5.635216957977044,10.525574444086738,6.845711492036624,0.842943851858031,-8.054732560550024,-6.215414019145825,0,Grupo_0,0,Grupo_0
-5.3160026769584965,9.970310493658449,5.056009356760741,3.204297843961105,-6.156705581381725,-0.7418592434987108,0,Grupo_0,0,Grupo_0
-1.549034000704482,8.932549257963089,-0.5287264138715901,1.750369585158761,-10.140800942413403,-5.205928221200851,0,Grupo_0,0,Grupo_0
2.8840729101110085,7.499998820689975,6.495117266251369,2.721401134956962,-3.625273967654275,-2.976331601458815,0,Grupo_0,0,Grupo_0
-3.634361301750859,10.571410959067068,1.9708277627716155,1.6172209713874983,-6.578888111871523,-5.594012508129074,0,Grupo_0,0,Grupo_0
6.916777604157426,-8.44949963984597,-6.80173698061802,-5.333615798633496,-3.0141716532640452,1.7558482661054382,2,Grupo_2,1,Grupo_2
8.988993235848476,-3.8108760291056853,-6.287309621056416,-8.575042318334466,-5.547530530389448,-0.879344766450326,2,Grupo_2,1,Grupo_2
-12.309684141214039,3.3228451542394284,-1.0209064956870226,4.560107822931232,-11.820278902813662,10.682233203817626,1,Grupo_1,2,Grupo_1
-8.63933310069592,8.708667343288472,-0.13195744077646987,4.2365302538311145,-14.969268975606902,11.589336156997225,1,Grupo_1,2,Grupo_1
-9.968201186415705,5.350176651199517,2.004687771162789,3.622427609500853,-10.517954819780615,7.577042989039029,1,Grupo_1,2,Grupo_1
3.6074008056691618,-8.557043154997046,-4.5901193697196945,-6.283264164134116,-4.261435752327308,-0.5645964731611242,2,Grupo_2,1,Grupo_2
-5.787620515591717,4.631825096821169,0.11600213699768003,6.752208786102108,-11.077147452043599,11.649529736568866,1,Grupo_1,2,Grupo_1
6.381424141362236,-0.8976037995437283,-10.731554823271127,-6.0953571912579285,-7.979015224714398,-5.771300293697035,2,Grupo_2,1,Grupo_2
-0.5234637473772566,-2.763444431270041,1.7068337196465257,-5.8546152696865414,-5.001801467980154,-2.667184078720161,3,Grupo_3,3,Grupo_3
6.9868286684769005,-6.568802047537876,-9.726839374396091,-7.034819909092716,-2.6518122716908743,1.8147270074337252,2,Grupo_2,1,Grupo_2
-0.36067561415644156,-9.21057538163357,0.0698464322389234,-7.284344762674109,-2.939061542719569,-0.754494727619949,3,Grupo_3,3,Grupo_3
3.918498832436603,-6.38740798029043,-7.226412419482479,-5.108773465240505,-2.199271253272913,-1.6021030524195834,2,Grupo_2,1,Grupo_2
-8.97979897888575,10.37094988998286,-2.855454425232386,4.520421397183809,-14.133258177551838,11.297477781950306,1,Grupo_1,2,Grupo_1
-0.1937537542236467,13.787827729373648,1.1434599016802482,3.380592775667159,-8.506233613955837,-8.097923052687687,0,Grupo_0,0,Grupo_0
6.652900394400788,-4.7162855594624995,-2.3526528850864965,-7.044645445536359,-3.5685421815340344,-2.220187115308767,2,Grupo_2,1,Grupo_2
7.544714093698444,-8.744612607976194,-10.097275101490846,-11.641778759682985,-2.112662758545156,-0.8678369791710476,2,Grupo_2,1,Grupo_2
9.245367989030477,-5.520321942185121,-7.640973581347305,-12.715783793071068,-4.336117446991377,-0.3199026068973656,2,Grupo_2,1,Grupo_2
-3.309537940307978,-5.805138652367614,1.4646578579528213,-12.471579783872492,-3.8119110082517698,-7.388084894003732,3,Grupo_3,3,Grupo_3
-2.2769538200020794,-3.7335119379135016,2.292934281863504,-9.676770356269438,-2.5899143704730823,-2.7946772637339543,3,Grupo_3,3,Grupo_3
-3.4165136438812023,-7.394430405171814,-0.014063258997476957,-3.6614835849645653,-6.445799602021368,-2.3566150864744406,3,Grupo_3,3,Grupo_3
-4.280214540328907,5.230000146666254,0.13202964558823904,-1.9871701735729923,-6.211810563622562,-5.608297035201112,0,Grupo_0,0,Grupo_0
-10.865829915708122,4.53840679009372,2.668953104502646,4.6933009955650595,-7.63112577671252,8.32038311930214,1,Grupo_1,2,Grupo_1
0.4822311311084784,8.617962195630897,4.571617487453271,-0.360000213742258,-7.987832819130046,-9.0921163783432,0,Grupo_0,0,Grupo_0
6.819781730927582,-10.11938460038206,-5.53438148804358,-8.949803724656984,0.3624168821677234,1.805029912836594,2,Grupo_2,1,Grupo_2
0.7332887433500228,8.957115972451117,2.1416232554908246,0.7112323808701884,-4.7780771248898875,-5.513275672772498,0,Grupo_0,0,Grupo_0
-2.904217369500224,7.947083453329771,2.1096178980776825,-2.163971995723691,-4.821700731246484,-6.696814675304937,0,Grupo_0,0,Grupo_0
-13.467934585572657,9.28249707749522,0.32569258162891757,3.365857736564358,-11.541201059411737,8.748696691321104,1,Grupo_1,2,Grupo_1
-5.79284097725037,9.966943678944265,4.20279273504662,3.3737347279356373,-11.017675218974105,10.22971581905038,1,Grupo_1,2,Grupo_1
6.73360962521428,-8.729237125620703,-4.048562904071446,-6.559599453813892,-4.359145127706093,2.134858977113714,2,Grupo_2,1,Grupo_2
8.038908058114163,-7.231429758439213,-10.979933275369032,-7.403546120222657,-1.3415537509916442,-0.3471091843180891,2,Grupo_2,1,Grupo_2
5.5894536109516775,-6.886753057394112,-10.852608587433025,-7.157135282184917,-2.083082436254883,-2.6904516650472305,2,Grupo_2,1,Grupo_2
-11.302176758438335,4.899163616412017,2.298638528549026,2.595663365463391,-8.353150316645152,2.2616303859789086,1,Grupo_1,2,Grupo_1
-5.2351953166598655,12.541617077563997,4.393408505517447,2.020293741302851,-5.109091133009877,-6.297069265117193,0,Grupo_0,0,Grupo_0
10.871825150137633,-1.5784108329228799,-3.303628772992976,-6.825960972421238,-4.828257584533862,-3.682795798590405,2,Grupo_2,1,Grupo_2
-1.2216094550311007,10.298751005478843,5.927498051993221,11.604998410577535,-5.4524009144183525,-4.04119549282445,0,Grupo_0,0,Grupo_0
-11.271774851703597,9.841356256681603,2.862662642429748,3.5927609060373893,-11.64814883151395,7.600423414616921,1,Grupo_1,2,Grupo_1
6.473301912214394,-12.058912580154352,-6.743419111648085,-3.681550256253149,-6.149520188518531,-0.47478378962387324,2,Grupo_2,1,Grupo_2
-1.899695838624753,7.6040895513565,1.4391178395508653,4.154313004641094,-5.254124246254618,-7.128049252724404,0,Grupo_0,0,Grupo_0
-6.462174378133083,11.25188191338861,3.432226207019503,2.3401522139046054,-2.849075620512709,-4.638011303612117,0,Grupo_0,0,Grupo_0
-10.365471856148675,8.584731056456246,-1.8852855315639583,1.2128023946514581,-6.0005916160283626,8.529941320845278,1,Grupo_1,2,Grupo_1
10.938621893840171,-5.997031245798535,-5.543972971922679,-3.95071441054931,-5.942389981309869,1.412163740858363,2,Grupo_2,1,Grupo_2
-1.2311911242402984,12.448432491105716,4.296257549658872,4.355356051948079,-2.8489315461796565,-3.592823459315828,0,Grupo_0,0,Grupo_0
-4.900288565097772,10.195301822899264,8.350168907568014,2.8622030559048817,-7.662272267459156,-6.881881079717561,0,Grupo_0,0,Grupo_0
7.16154116409501,-9.811674111287585,-1.6424083068223458,-6.7425147655114035,-2.171187714961248,-1.595100542904309,2,Grupo_2,1,Grupo_2
0.9591269003200176,-8.601620040479357,0.7917742476584815,-7.855144127453185,-5.747666310925461,-4.085414318004148,3,Grupo_3,3,Grupo_3
8.87173737797795,-8.557595543574196,-8.28066075086937,-6.161729129809771,-1.3432326622505442,1.7493412455667277,2,Grupo_2,1,Grupo_2
5.701953224500702,-0.5465669811599829,-5.286344608320395,-9.521116452920653,-4.236520873939138,-1.1340591727462819,2,Grupo_2,1,Grupo_2
-2.651391231836272,1.1359733785333734,-4.697479455387202,-7.659172090473246,0.1571274527412898,-2.368151973795031,3,Grupo_3,3,Grupo_3
5.439809967119844,-3.648765849474445,-8.991550730314245,-12.661333093558358,-4.4829201602615605,0.14073474757591076,2,Grupo_2,1,Grupo_2
-0.5446972264256698,10.077930032660733,2.222438478405069,1.8538912935857823,-6.888633538877691,-9.776021316257303,0,Grupo_0,0,Grupo_0
-4.773528375209297,7.379870281576272,3.150725601119371,5.409264916867775,-12.218812726098008,0.9642617408740382,0,Grupo_0,2,Grupo_1
2.4819442990354412,-9.490108152558587,-6.022007166886107,-6.2684466080006445,-5.706588861869508,2.519114722574472,2,Grupo_2,1,Grupo_2
0.06051191287424107,-3.2181129208960035,6.303134730969738,-6.620015127398238,-5.122164023972382,-4.9621507369600675,3,Grupo_3,3,Grupo_3
-1.441218362566969,-4.091605440067693,-3.306919803949337,-10.130567356584663,-6.899294727755603,-0.6175979390448476,3,Grupo_3,3,Grupo_3
-3.422501501333022,9.475986892860593,1.2720631124038602,-0.4558654123358967,-3.8785924212902065,-8.522345290704436,0,Grupo_0,0,Grupo_0
9.241806330131062,-8.02943454526328,-6.9735715362858235,-5.5951116706755695,-2.1821111366624852,-4.574064546532364,2,Grupo_2,1,Grupo_2
-8.347999109076241,5.063352191158702,-1.8501010777695122,4.806391508973861,-6.828616755793307,10.58611640947834,1,Grupo_1,2,Grupo_1
3.473856322523746,-4.081117460068931,-4.6836391363217444,-5.371404622916582,-6.401226445308726,1.1189991066399498,2,Grupo_2,1,Grupo_2
-7.104630476851026,6.343491315700879,4.67214119498073,5.7039664298626525,-7.879386806082757,5.98330776523855,1,Grupo_1,2,Grupo_1
-11.551204073030505,5.2599965905513155,9.395036298135988,7.2731505077628755,-12.965996029604003,6.092052151380961,1,Grupo_1,2,Grupo_1
-6.721400818594776,2.0054543646199647,1.774564484261003,2.6543999164610046,-8.507652737498562,10.573307511660392,1,Grupo_1,2,Grupo_1
5.36751753939206,-7.757036761695831,-7.231466893638644,-4.404904252961396,-6.5497438792201095,1.5646646205270152,2,Grupo_2,1,Grupo_2
8.118492536352774,-4.203870824677305,-11.141792885014247,-6.0994616866078,-5.086395424210035,-1.40178451219368,2,Grupo_2,1,Grupo_2
-10.048762634757853,4.9079071161155685,1.583854095117449,5.390215674037868,-9.61153151800349,10.16564972495548,1,Grupo_1,2,Grupo_1
-2.977058285564122,11.478611117397978,7.608343965139979,8.447078788987266,-5.430544258117331,-6.065618801820531,0,Grupo_0,0,Grupo_0
9.330207314940333,-2.181317381342551,-2.7777264824777976,-5.620023319467403,-8.823378010406682,1.6471907961544205,2,Grupo_2,1,Grupo_2
-3.425687587119504,10.299894401357694,2.5537353114447128,6.728917214220239,-6.823559053190679,7.988328323094278,1,Grupo_1,2,Grupo_1
5.356735608073865,-4.205635419963146,-2.883403776890259,-6.054086364690043,-0.6196624727241824,-2.9003086710492267,2,Grupo_2,1,Grupo_2
-3.600996963154239,8.848954591633765,9.88918330914439,1.3556054320757402,-7.775477571204325,-8.498964107363845,0,Grupo_0,0,Grupo_0
-4.304165670785711,-3.0040667921739885,6.69432189461045,-7.828473754522054,-10.104597131178696,-0.9976389545873565,3,Grupo_3,3,Grupo_3
2.3342034380910253,-7.881409163528583,0.3586942204391641,-3.40989343448141,-3.82930871760777,-0.46065667712326963,3,Grupo_3,3,Grupo_3
0.7842875410330641,9.50828513992932,9.828031017791265,0.25020013871681224,-2.5397176832381465,-6.385332634619327,0,Grupo_0,0,Grupo_0
-11.597502327961934,6.4965498546798095,0.07180241207051896,7.4878888160185095,-12.58028173014973,11.632441266712663,1,Grupo_1,2,Grupo_1
-2.790017747279825,8.461862129365263,6.175295586336665,3.8669389590589947,-8.205880060177588,-8.319655194887646,0,Grupo_0,0,Grupo_0
-4.157408337686766,-2.568278461131792,-1.1411681122984962,-7.960444754029663,-6.667951595030403,-2.355701421288761,3,Grupo_3,3,Grupo_3
-6.459704563990794,6.407255364578574,-2.2373787322026217,1.850286585597023,-5.681088192813457,8.713214338666626,1,Grupo_1,2,Grupo_1
7.29198636878719,-6.614410808315609,-8.23704062325042,-5.48749455529482,-5.2778732157982216,5.037017706582519,2,Grupo_2,1,Grupo_2
4.408021169528281,-5.2049619434333865,-4.383852379887818,-7.758510878431606,-1.783983532226869,-2.5778303618562832,2,Grupo_2,1,Grupo_2
-2.068093734859687,8.096716530490015,2.570903284606302,2.188529391556669,-9.559974721115287,-14.183485802012465,0,Grupo_0,0,Grupo_0
3.55851332593228,-2.6173718845411282,-4.535999088894284,-4.985822409890193,-2.1258195378821445,6.4810333841008845,2,Grupo_2,1,Grupo_2
7.231460194832145,-7.548379745480138,-7.833141418127989,-5.755382681015788,-6.748707686540802,1.3699379207682387,2,Grupo_2,1,Grupo_2
-6.6654412753937695,6.184674100439026,-0.20080183570663523,6.549702951515291,-7.398193132759466,13.07987373261734,1,Grupo_1,2,Grupo_1
-2.5502548632346302,11.98526931181853,10.957209900912154,0.6459977516399305,-8.103225797446825,-4.2697074006032665,0,Grupo_0,0,Grupo_0
-6.149969251743766,7.8501940785064805,2.5461358105211613,1.4323886255231524,-9.003690049609956,11.986805584282248,1,Grupo_1,2,Grupo_1
8.809473777755027,-12.52207742488742,-8.163474488912836,-8.642066821283986,-7.04892017173865,-0.04225846255262056,2,Grupo_2,1,Grupo_2
6.1271818879572715,-6.53488890076537,-4.21875359262963,-4.94798597526184,-4.5584051423537195,3.2004094151276092,2,Grupo_2,1,Grupo_2
1.7793939713765208,-1.2061337356930237,0.1972840565762075,-10.094388596035072,-2.9155204918458986,-1.0850131051313527,3,Grupo_3,3,Grupo_3
-12.975546347206752,4.923407177300044,1.7155279008748652,4.394882491612537,-12.41381942576876,15.427388732185939,1,Grupo_1,2,Grupo_1
-1.120186458044129,9.238237831336443,4.146532785459786,1.5949864748069529,-7.366897892032973,-4.045684351108285,0,Grupo_0,0,Grupo_0
7.630438105135855,-4.6192539776614305,-10.319058572724181,-6.206340555017123,-2.716386270805224,2.317481619070883,2,Grupo_2,1,Grupo_2
-1.566446638297284,8.941129093985875,7.455004463158522,1.8446853749695165,-11.312208361668475,-3.725305841490967,0,Grupo_0,0,Grupo_0
-10.662333931154535,8.22706620868146,-1.2105536245324435,5.5924273338600985,-8.461801581927604,4.723656194409476,1,Grupo_1,2,Grupo_1
6.418960859497771,-5.713154580696576,-4.376999698494959,-3.8978541793617065,-5.174079188078539,0.1185935960699247,2,Grupo_2,1,Grupo_2
-3.7334816965793807,-6.442674382844314,-3.6390817371133126,-3.027952282212838,-6.317056651985832,-2.989094583493816,3,Grupo_3,3,Grupo_3
-1.353449335311253,-2.7138598148223094,2.8316317463434295,-6.01105948808023,-5.237859993819489,-2.0934357790501847,3,Grupo_3,3,Grupo_3
3.908302003837023,-5.9228962406831815,-5.284421581763994,-4.4827211326367395,2.514833152928176,-5.128452502857153,2,Grupo_2,1,Grupo_2
5.860686981217796,-5.083091717460094,-4.575564680537841,-6.459706535469768,-3.8748431710580644,0.8533943951447666,2,Grupo_2,1,Grupo_2
-11.637193077593931,6.339698275574381,2.4690370268903647,7.234488516663535,-8.080573401711867,7.271858846372276,1,Grupo_1,2,Grupo_1
-7.748389282885896,0.9929077024494894,3.727473960020754,4.476896315075827,-10.144497356029614,14.515352532538781,1,Grupo_1,2,Grupo_1
-10.350189417981543,1.80960777275103,4.264965727082006,7.348639159117715,-7.959505135735187,6.553982867177845,1,Grupo_1,2,Grupo_1
-8.74273276923594,3.702044378914843,1.273108614847208,4.035940013316547,-3.0363273865090132,6.618279478804477,1,Grupo_1,2,Grupo_1
-9.83252699067252,4.363446519942304,1.0225525795363328,4.834688437372744,-9.700542689390293,9.85444961973792,1,Grupo_1,2,Grupo_1
-0.30232994210259156,-8.187179720533692,-0.5732467527043434,-6.953769187415356,-8.375304728398557,-0.5947353761267764,3,Grupo_3,3,Grupo_3
-2.684611901699368,4.861883794408343,5.713924384059566,2.4923889018485097,-6.200680098162836,-10.07198103282672,0,Grupo_0,0,Grupo_0
-1.1411657593347628,-5.27610378816617,0.9145618589397724,-9.899464408063192,-5.235746140695349,-7.972981171926602,3,Grupo_3,3,Grupo_3
-0.9541080819079039,-0.4378414216995674,-1.0453634304205925,-6.225184722298157,-6.162786614131938,-3.9343474898492525,3,Grupo_3,3,Grupo_3
-11.657068004018607,10.143295398632626,2.4085343988523036,3.3200700812254755,-9.63799420250473,9.130035128712532,1,Grupo_1,2,Grupo_1
-7.813920766737267,5.170803140064777,5.530725160177152,5.906209737268478,-10.695920166905157,8.199464624741777,1,Grupo_1,2,Grupo_1
-3.8933208864207054,6.0195913967262005,9.551691668519075,2.0613285638700534,-8.628940961132734,-6.3451598164403915,0,Grupo_0,0,Grupo_0
-7.359722377256373,9.02407381669043,2.7908091591633966,2.0999209298340067,-8.896808200306,12.386898670303584,1,Grupo_1,2,Grupo_1
5.301950722643197,-6.39058521244345,-5.723074141622292,-3.348632288113509,-5.844507177301201,-0.7497759843998477,2,Grupo_2,1,Grupo_2
-6.294174089527254,8.002261192562823,3.4009909229629836,5.012924596922151,-8.611570311763591,6.082016722462178,1,Grupo_1,2,Grupo_1
-1.3306754214504222,-4.407603449521793,-0.94181340778312,-10.092833616308619,-1.7376208567870717,-1.675282740371927,3,Grupo_3,3,Grupo_3
-3.067203259639763,12.738944724703527,0.637618890036812,-0.09807287800988318,-7.137764091523889,-10.988081621161365,0,Grupo_0,0,Grupo_0
4.502960777583416,-7.675595282043508,1.9775266834401726,-10.161274000039368,-0.17704478285542846,-4.1421080574259115,3,Grupo_3,3,Grupo_3
-2.7810979941948943,10.018565433445675,6.365238815505883,0.9701185042261413,-6.319395986625228,-6.848628591321459,0,Grupo_0,0,Grupo_0
-4.75615774386057,5.688502063850847,4.167077859285517,4.2772949637518805,-7.198499992095106,-3.102222267657578,0,Grupo_0,0,Grupo_0
-1.581332939624478,7.50432316140877,4.8563533049103516,1.5839765954605334,-3.960172037001752,-6.244057485022914,0,Grupo_0,0,Grupo_0
7.67294311271842,-4.860785888267162,-6.160304600717491,-6.426642507223401,2.0557748413668513,3.4557702456351898,2,Grupo_2,1,Grupo_2
8.567551177393762,-5.757503170607137,-3.6396591981663864,-0.41839037293139025,-7.511955393451419,-0.06802797358362678,2,Grupo_2,1,Grupo_2
4.32601196473404,-8.588268251271872,-7.230429597774768,-7.796391611553049,-4.469154376771844,-3.1073254536675394,2,Grupo_2,1,Grupo_2
-2.953212662833659,-2.3228748176980383,1.5166822383912992,-6.8339365400244105,-3.763020633193277,-2.1853754030956978,3,Grupo_3,3,Grupo_3
-4.137742632088871,7.804571543062518,3.839010565742301,3.033584549945523,-5.572538471062521,-8.314359603122394,0,Grupo_0,0,Grupo_0
-9.573245125796467,7.144524785853536,-1.772384131837848,3.2688785539043854,-7.362352205284486,10.836209583506301,1,Grupo_1,2,Grupo_1
-5.243687821757237,-7.684313769948318,2.027600144724928,-1.575027514656365,-4.662954296470856,-3.1308762421493705,3,Grupo_3,3,Grupo_3
1.580233507311728,-5.634722529945664,-0.4773113825062838,-7.135632374155602,-5.757493171382166,1.0365966413831011,3,Grupo_3,3,Grupo_3
6.533199772842579,-5.467964055868177,-6.2087922736401495,-8.650793129960643,-4.390757251842285,-3.2484880388696142,2,Grupo_2,1,Grupo_2
-7.704555975249842,4.867787829862005,2.169760788838169,5.278632807927654,-10.444683116228363,9.824356470731313,1,Grupo_1,2,Grupo_1
12.111590053598716,-7.470006143942715,-2.3037881738301067,-5.373989328534073,-2.667415600464872,-3.7355484464635644,2,Grupo_2,1,Grupo_2
10.2683438621531,-3.4066177297371154,-6.803781740757644,-6.124441255900049,-4.242469653624561,3.315728090816851,2,Grupo_2,1,Grupo_2
4.775458592451492,-6.307059280393823,-9.305905937782908,-1.7805500330767847,-5.331141618846054,2.5741705980957663,2,Grupo_2,1,Grupo_2
-11.617278380419888,7.233958968732546,0.6936638564661379,0.2418029925072691,-8.721535170071652,15.677088422200946,1,Grupo_1,2,Grupo_1
-7.581366689398025,11.814424972816113,3.7874975194020046,3.5547483638908255,-12.154233133248681,12.473198475037762,1,Grupo_1,2,Grupo_1
2.113192614310613,11.830698702067714,3.967657109841025,-0.7931450879134436,-0.44622768302661875,-6.732063508239726,0,Grupo_0,0,Grupo_0
-4.647345188615502,4.959755715641875,-0.861076041625723,7.004737911832732,-8.741927923369165,7.0533831018988895,1,Grupo_1,2,Grupo_1
-9.162120873794612,8.773166128736534,0.25506881489580335,6.300340703472689,-5.4646078782741485,12.074723443187851,1,Grupo_1,2,Grupo_1
-7.559578818231357,12.161408015649275,4.061052790974832,4.041230287593978,-10.046186291717188,8.506514207790207,1,Grupo_1,2,Grupo_1
-12.505290733175203,6.0700175482846115,4.460581381059123,5.4505217770308,-7.142254834013864,10.703553408074725,1,Grupo_1,2,Grupo_1
-0.46346189345676847,-0.8398442106074349,0.4936473246571629,-4.364746959540117,-5.479397977057275,-0.7287729796454856,3,Grupo_3,3,Grupo_3
-1.1068990031996533,8.27558533312542,6.38226484750494,1.138620959550707,-3.946815597184667,-5.956004112780712,0,Grupo_0,0,Grupo_0
-9.193694098987375,8.170241210302928,4.595943938860069,6.342240005992035,-12.445858394268273,11.448592510128597,1,Grupo_1,2,Grupo_1
-9.715451331827197,1.777653515371,5.446553003999638,1.4463151006256938,-6.44980109043421,11.76287115245025,1,Grupo_1,2,Grupo_1
-4.209259426998977,9.59492037110083,5.372560019474804,0.1872911388748124,-2.215190913289379,-5.695527290996478,0,Grupo_0,0,Grupo_0
-9.446787705073556,6.573927424811502,6.782641708796693,8.226348844326067,-4.041359530463616,9.000584017239758,1,Grupo_1,2,Grupo_1
-3.4243295292348463,-5.407712883412292,-2.7884837419675677,-10.52000049750807,0.36196998488107734,1.4308084351796202,3,Grupo_3,3,Grupo_3
9.045893582177616,-2.9340020501434045,-11.231856841210023,-3.885765288764948,-5.9414767153633115,2.637567475101722,2,Grupo_2,1,Grupo_2
-6.532038915735265,-3.951928998710128,1.1305846625121996,-7.190803054019951,-1.7938276012059742,-4.054186499423297,3,Grupo_3,3,Grupo_3
-11.250091321012798,11.394694302429507,1.3113386108479024,8.137906737465535,-7.890981888935755,9.055708319633741,1,Grupo_1,2,Grupo_1
0.6157986534236379,-4.230492377331513,-2.183269687319206,0.27190363819244023,0.2075403963872029,-0.8660760719054197,3,Grupo_3,3,Grupo_3
-8.998522167007803,8.664250189291678,-3.46801931788569,3.756141617221263,-9.23068818938657,11.522227014530419,1,Grupo_1,2,Grupo_1
-10.670910245445985,11.868677721893265,3.9601889699511332,5.544051770551805,-9.003248978201082,8.776875498053762,1,Grupo_1,2,Grupo_1
5.699451438830323,-5.060933167311132,0.755894255996304,-6.39244184976455,-5.612260364528168,-1.6751527825098507,3,Grupo_3,3,Grupo_3
-8.971129389179874,10.382445121545272,4.763473319391385,2.597258337180378,-12.886428100580869,8.890745449750744,1,Grupo_1,2,Grupo_1
-1.0253058173505956,1.6633145415376207,6.279630777552503,2.460010170737669,-6.9263990822660135,-7.851405725998161,0,Grupo_0,0,Grupo_0
-3.131607994250434,11.443213505584211,6.25331871019097,5.394748577771604,-9.291935842601532,-5.164980943279849,0,Grupo_0,0,Grupo_0
1.8220898756599793,14.592536493679901,6.235006589829994,3.2252808713018744,-11.382271526533117,-8.236794092611001,0,Grupo_0,0,Grupo_0
-0.7398177844140617,7.608119188462652,6.220898183866904,4.404555808007556,-5.3251022856082795,-10.805671393002088,0,Grupo_0,0,Grupo_0
-7.3215201087955535,6.8655313686977335,3.3585643560655516,6.380590120605499,-10.38997917797693,13.886225433020691,1,Grupo_1,2,Grupo_1
-2.2444614902646647,10.475318579379532,9.580980297516815,-1.9374343453368965,-2.8365957537297106,-6.619219749467915,0,Grupo_0,0,Grupo_0
-0.2004715318501762,-2.6525783984053772,3.668171159835344,-6.217506112253163,-1.8279421121253998,-1.6843289311620013,3,Grupo_3,3,Grupo_3
12.33841638512753,-7.883779393927787,-5.068246400783048,-7.654912327460106,-6.088372608280855,0.4679607900573269,2,Grupo_2,1,Grupo_2
-1.7623153521385346,7.134808502960361,3.573984845714243,4.844283956932619,-6.596451164806859,-10.475804539069363,0,Grupo_0,0,Grupo_0
6.575811801373472,-3.8154299824617617,-8.977324370043121,-6.397561786105954,-5.476431278530689,2.362580732906532,2,Grupo_2,1,Grupo_2
2.0118479950640777,-4.114337595594076,3.039551803662648,-4.70453237020185,-0.25646820546830984,-7.551770416333382,3,Grupo_3,3,Grupo_3
2.2679100781559436,-7.905040694922823,-4.682527311829531,-5.915270259531714,-0.9626803775450652,1.5033150402376867,2,Grupo_2,1,Grupo_2
-1.3670219174897054,-5.534434436271793,7.217149484345862,-2.625381421898224,-6.32691318617352,-1.2799190881174614,3,Grupo_3,3,Grupo_3
-2.837340040783512,9.206415835595243,4.077738881707905,0.34816323188208265,-6.457990511234451,-5.775257969352424,0,Grupo_0,0,Grupo_0
6.987761357045208,-3.931921177648136,-4.7694861252799665,-5.68498528982152,-0.9263266705924722,-3.3022958193885295,2,Grupo_2,1,Grupo_2
-1.953863193968468,7.817414574039628,7.779269150161904,-0.2633485716080277,-7.346806301554667,-7.979437238961384,0,Grupo_0,0,Grupo_0
-4.478657002823347,7.462167132570531,4.219519289766128,0.7929432396979137,-11.827876717090739,-5.010333952982112,0,Grupo_0,0,Grupo_0
8.013319599839324,-11.182146298335596,-6.383783659887364,-5.9366867396233625,-4.609015781598124,3.7233132301844547,2,Grupo_2,1,Grupo_2
-7.5676561574495365,17.13911718158952,-3.1879821138822955,8.47319318032368,-10.30692891258484,10.11651930424741,1,Grupo_1,2,Grupo_1
-6.391103860244062,3.8941650923399393,6.044252374200109,6.232025781382466,-6.861155937574706,8.24084826317674,1,Grupo_1,2,Grupo_1
-9.930238349731553,3.307080163652005,6.3962599953777275,7.615086752647125,-12.818966851847998,11.122466556352872,1,Grupo_1,2,Grupo_1
-0.10075729994194571,10.046238445539567,6.695029236214326,6.715152140575601,-7.493097481158446,-8.764450004169671,0,Grupo_0,0,Grupo_0
-13.291223792800093,1.7473528676875558,2.5890108561006686,2.7575571900943454,-10.971034656369282,11.137856640974348,1,Grupo_1,2,Grupo_1
-8.03089149759184,7.171012985860244,3.2729014084556,2.8274507898229917,-6.536256867051332,7.206262590210274,1,Grupo_1,2,Grupo_1
9.058620151198092,-5.803464665858606,-8.291501404731214,-10.766833843211646,-5.630279533397196,-1.0479019839751467,2,Grupo_2,1,Grupo_2
-3.1309254385116176,13.032650068248303,5.867316215323729,3.8103641490652755,-5.222424019482738,-3.9464249495626342,0,Grupo_0,0,Grupo_0
2.2262270566599387,-4.836351766703834,-7.323187509184945,-5.8262087838782755,-3.9598925833301206,-1.9458714890147362,2,Grupo_2,1,Grupo_2
3.422449261142889,-6.111365074844959,-3.6221328602823535,-11.810044430844528,-0.0789498863229583,3.301064179402656,2,Grupo_2,1,Grupo_2
-1.6651909678647447,7.984593712892153,3.420863276046868,0.8917742143916798,-5.893496835205528,-7.932570795326604,0,Grupo_0,0,Grupo_0
6.587856397918044,-9.308791910199995,-4.257215914720477,-4.444512887576413,-8.76980178925776,0.4856182984677588,2,Grupo_2,1,Grupo_2
-6.30967016811512,10.677212704325907,0.16608965351821547,2.948186967501238,-6.511123831197114,13.610732740011159,1,Grupo_1,2,Grupo_1
7.976088601548309,-3.607870109099437,-6.6713417442386564,-4.825459132985472,-5.029280898384232,5.629675357861246,2,Grupo_2,1,Grupo_2
5.005421431021625,-5.875630363580602,-4.58497420719425,1.4503656996782786,-1.8950646673040668,-1.6250353624315141,2,Grupo_2,1,Grupo_2
4.155072822553995,-3.976293239504349,-7.354580976700834,-4.118041621640996,-5.508047876763273,-4.676472938703683,3,Grupo_3,1,Grupo_2
0.13094439961237914,9.572383413521221,4.502643834687386,2.6870548710848743,-5.576821120202924,-5.267070628400804,0,Grupo_0,0,Grupo_0
-8.656626445812657,6.294790054093252,1.7992148493105533,4.067524943472206,-13.916313372696266,13.135542611872976,1,Grupo_1,2,Grupo_1
-1.614729222182042,10.416247444118907,7.347506944166294,4.607674814027989,-10.323800611043998,-9.224672193063753,0,Grupo_0,0,Grupo_0
-1.2509432086411867,-8.764839086481887,5.708719194703795,-6.854178005682997,-3.2037249428449246,0.7410530221894982,3,Grupo_3,3,Grupo_3
-12.585867657782014,7.093911004661315,1.803711912921223,5.532250624807156,-7.21432368567273,9.249659090058652,1,Grupo_1,2,Grupo_1
6.651627677726669,-9.614302407055089,-5.131290726228313,-4.247901790837952,-5.417971522481363,3.4099199332828145,2,Grupo_2,1,Grupo_2
-1.5045932866246696,-4.3024191675879955,2.638682745330381,-5.554465331560114,-6.754884950214985,1.546107003965818,3,Grupo_3,3,Grupo_3
-0.2632242929066413,-2.0924686178637066,5.444045316545041,-7.015104240762019,-7.426548442164789,-3.535523376174141,3,Grupo_3,3,Grupo_3
4.799424906076018,-9.08974430371006,-7.327682233302609,-5.245653187703059,-3.314640530943688,3.627960694565366,2,Grupo_2,1,Grupo_2
5.0096335173548265,-6.342495898576148,-8.712158760822945,-3.533797509021084,-4.65129453477933,4.1270174954602155,2,Grupo_2,1,Grupo_2
-5.846458405154186,-2.8260059139683062,1.4207182631111621,-10.137435021477797,-3.651148602798899,-6.5651408508923605,3,Grupo_3,3,Grupo_3
-6.3076225379377835,7.803700946032693,7.807156709194658,0.20399601989378002,-5.770078620785699,-4.943524459702605,0,Grupo_0,0,Grupo_0
6.860115680240592,-3.7582314124038865,-4.0547291157395655,-8.958468107500828,-1.743223889332318,-2.4707124351298786,2,Grupo_2,1,Grupo_2
-1.3052515288611652,0.05845063749501911,2.6155763710095337,-7.941836434397355,-5.7025081510047055,-0.42648387274725463,3,Grupo_3,3,Grupo_3
-10.352979808533243,11.621967681016944,7.003588617784471,2.244810086462539,-10.962202953855401,11.547166760689391,1,Grupo_1,2,Grupo_1
6.217279980281349,-4.1565249367337245,-6.522434503823291,-9.959229530709385,-3.726214209134151,3.1172889873331626,2,Grupo_2,1,Grupo_2
-1.4214224032951186,-2.8989154700133772,0.2479200598830711,-3.711577970324455,-4.748450487716974,-5.95163597887287,3,Grupo_3,3,Grupo_3
-6.485373090586086,7.803267255181293,6.893156846838709,6.724224437375343,-11.223056084897893,9.466480492868483,1,Grupo_1,2,Grupo_1
4.9313175667596925,-9.129607697291934,-6.553179282570546,-10.54357874599729,-3.437863830449969,0.4043021125389029,2,Grupo_2,1,Grupo_2
-9.872341590190121,12.042742058849178,3.413683046198571,0.8227476331711805,-8.373219390539859,5.529937070893972,1,Grupo_1,2,Grupo_1
-2.0422807118600543,7.125828797315015,3.111084328748231,-1.5434830581798238,-9.187710306428531,-10.259321107316781,0,Grupo_0,0,Grupo_0
-0.5982225374702536,-1.3051900300455794,3.091442696231438,-10.45593763613142,-10.459224545727473,-2.30074122992719,3,Grupo_3,3,Grupo_3
-4.264330357746131,8.1951307617039,3.6596084533977074,-1.6856176863895644,-6.1393264984898295,-6.227471412826223,0,Grupo_0,0,Grupo_0
-7.550091952574842,5.237818390412141,7.4825420683153165,5.587719576807199,-11.03993087046883,7.869733924768315,1,Grupo_1,2,Grupo_1
-4.683355326239486,11.827873089235245,1.6663491040597815,6.07985206708064,-9.131179027770942,-5.2841297792549895,0,Grupo_0,0,Grupo_0
9.202641297963096,-3.4559306497886535,-7.51264258654048,-9.03151592238504,-5.449124154216232,0.9857309843115585,2,Grupo_2,1,Grupo_2
5.07849346808549,-5.505883318862268,-5.517607051018088,-8.813354819753382,-3.86411222277695,-3.1690560107104804,2,Grupo_2,1,Grupo_2
7.846360674490333,-7.906491735677247,-0.9170952208788332,-5.846076144585741,-4.283505707363011,2.9049421902836845,2,Grupo_2,1,Grupo_2
-6.634808934327083,9.126361321862657,-0.2683850165451367,7.550058558684649,-6.662813341092441,9.733938286359368,1,Grupo_1,2,Grupo_1
-2.1348743419757583,-3.6954066036174695,2.9308475416523154,-6.40965314965448,-4.502945234336582,-3.61632163695199,3,Grupo_3,3,Grupo_3
4.636114863432164,-5.2820283838892195,-8.005224019926521,-6.982682406109918,-7.690258170772376,-0.05621694024658619,2,Grupo_2,1,Grupo_2
9.327642654961032,-9.519552861910475,-11.27739038454925,-7.799697979481692,-7.9999625384574635,-0.566949736169339,2,Grupo_2,1,Grupo_2
-9.023259915621955,7.134358904684127,6.953655676838696,0.6964816999234138,-8.324337009494265,13.120979814060611,1,Grupo_1,2,Grupo_1
-9.428252724663439,9.18398719128629,3.0761654437055785,4.828497546659413,-10.436115812259048,10.323349831412274,1,Grupo_1,2,Grupo_1
-11.44477199331245,4.392938531907103,3.1832248937306113,2.7850717266496896,-8.797414310243589,7.185075327929329,1,Grupo_1,2,Grupo_1
-3.05837734264653,9.907067556977687,8.334613948081891,0.6774941382566135,-8.90086119838424,-8.134502202237288,0,Grupo_0,0,Grupo_0
-3.328934414335045,9.40226283784577,6.7026244978971885,-0.19465585533651897,-8.524918413839412,-7.639424665217608,0,Grupo_0,0,Grupo_0
1.283802157439296,-3.970806359715314,-2.18333438493549,-7.96180868806837,-2.9988532537100596,-3.505382186564972,3,Grupo_3,3,Grupo_3
-0.13267859351765932,-6.126857019346949,-9.940578659919668,-7.523294306515135,-4.662205363382256,-0.40048231212401264,2,Grupo_2,1,Grupo_2
-9.207386292742784,-4.517891140274017,-0.6177966534556889,-7.060359644968067,-8.219910176501948,-2.4654835011960663,3,Grupo_3,3,Grupo_3
5.135962226993442,-3.477171537220552,-2.429165114470222,-5.190189776105326,-7.65555217372087,-1.8004017836297215,2,Grupo_2,1,Grupo_2
-2.5243749019024837,11.110513064327426,4.844452232597014,1.7259455509628754,-4.5819359836818485,-7.605795953747575,0,Grupo_0,0,Grupo_0
-2.542940684897585,6.37000880580857,6.696241116486074,-1.0789394409868236,-6.357468203639382,-11.779284902975386,0,Grupo_0,0,Grupo_0
9.305496042977252,-6.692301950848316,-2.9857154308912,-3.1000465791358063,0.24417693954943775,1.2582364489731397,2,Grupo_2,1,Grupo_2
4.643354295920488,-8.621116563963756,-3.638738258130912,-7.75986973814179,-3.805583142158175,2.884635495425959,2,Grupo_2,1,Grupo_2
-8.81862729489919,6.509495285127445,1.6114622201506976,4.691684938606347,-12.071706863038827,6.85849997576494,1,Grupo_1,2,Grupo_1
-6.0436142044842365,0.9357866969606992,-0.25601282414935067,-9.857715591989407,-1.3978069949891458,-3.6339859367299607,3,Grupo_3,3,Grupo_3
-4.075990684527663,11.170269809155219,7.022691449668319,3.2558832341839645,-5.066887724031277,-5.589663875488551,0,Grupo_0,0,Grupo_0
-2.163059281787683,-7.5805256231760545,0.5274356431986491,-7.233020383295801,-4.0051435980423795,2.142951503012317,3,Grupo_3,3,Grupo_3
6.178346719076383,-6.012184919948928,-6.898188574744585,-3.90611929846062,-2.8682552404905044,1.0465874769881593,2,Grupo_2,1,Grupo_2
-0.21112528661474128,7.343925914350836,9.323123276771966,4.673289848227354,-7.997931930298148,-3.6775686889381642,0,Grupo_0,0,Grupo_0
1.1023996514674383,-8.14003129700378,2.678268353604972,-6.082057746618916,-4.3398752843179835,-4.64969043183955,3,Grupo_3,3,Grupo_3
-2.1932486741867208,13.861608625844033,2.1390505247141647,0.27880725762860337,-5.594857567003983,-6.431155138426952,0,Grupo_0,0,Grupo_0
6.984268855998044,-4.682362659782664,-8.14215614106725,-7.293052000374053,-4.942717482067178,3.0491860928273544,2,Grupo_2,1,Grupo_2
6.109385000187887,-8.697621431412871,-2.6890400088892488,-7.887585360166314,-8.515821102798167,3.815543767538089,2,Grupo_2,1,Grupo_2
-7.818195639544121,8.700516846182861,3.1342347544431624,2.0973173489155537,-9.214901408405979,10.30854778337654,1,Grupo_1,2,Grupo_1
-6.095077287776738,3.4094028364847127,-5.496780614370217,5.589400071468931,-8.979167054827165,6.672676026241311,1,Grupo_1,2,Grupo_1
3.6258560379094202,-5.611363578192428,-6.079860555716607,-5.8673157306744415,-1.6154763509231702,3.0424367328695032,2,Grupo_2,1,Grupo_2
-1.5958585489403032,-1.2679147717759012,1.2340348780858956,-5.436124088500247,-1.83706788141642,-2.1515332076872142,3,Grupo_3,3,Grupo_3
-3.156802987604508,8.523411505485877,4.460875687692941,1.880114092666128,-5.06055333205882,-6.750244878757698,0,Grupo_0,0,Grupo_0
-5.211855942052494,10.55412514555898,6.122631981149061,1.1993035856557563,-6.064294635545975,-10.007893534239205,0,Grupo_0,0,Grupo_0
10.091805157269839,-3.2031265191792526,-7.271329772900683,-4.195904800129524,-3.0621155345791626,4.245815155147227,2,Grupo_2,1,Grupo_2
9.25123825050291,-8.916363809147514,-5.162033759788706,-8.514382220154705,-4.432616613555167,-2.0824345552235104,2,Grupo_2,1,Grupo_2
-1.94584412829167,-4.6656502227315055,3.2612712538139643,-8.702606758011495,-0.4245992681876283,-3.073088483121009,3,Grupo_3,3,Grupo_3
-4.80018484912359,-5.359530840167139,9.594678732619144,-5.398895136004844,1.7661112227331053,0.8158220713717972,3,Grupo_3,3,Grupo_3
4.293702357072823,-7.123207333287321,-6.8988764326359595,-4.239023587102863,-4.718052737573502,-3.4689356342792244,2,Grupo_2,1,Grupo_2
-8.099266534768272,3.5319165419467256,5.714636300159862,1.2420026777510715,-9.046371204677378,6.654940724157775,1,Grupo_1,2,Grupo_1
4.122524248563279,-1.7861572682544935,2.095086404731897,-9.436212169315816,-5.5678316610931855,-4.154520191518932,3,Grupo_3,3,Grupo_3
-0.9754026912267086,6.457304715202308,3.9964374926697386,-2.1982905007532416,-5.881569384638071,-5.262119744019094,0,Grupo_0,0,Grupo_0
-1.782148907229888,-2.666302848637315,5.673586063388976,-6.3109206677433605,-1.1894128324412483,-5.084737478200379,3,Grupo_3,3,Grupo_3
9.591815223969283,-5.411351167936401,-12.124030495717903,-7.234432861062748,2.8424137702034633,-0.08152553395451312,2,Grupo_2,1,Grupo_2
-8.32643055063155,9.23821861420024,-2.0174167336620066,4.910570775514279,-7.257222936697283,8.360446320831462,1,Grupo_1,2,Grupo_1
-2.0872033321855588,-3.065054268321018,4.276444111077764,-5.703939196253255,-1.5569623023121637,-5.219938026793004,3,Grupo_3,3,Grupo_3
-4.847794378164238,11.729241418635901,3.2999702234429815,3.993314179643595,-5.961408907647918,-2.2846504012881406,0,Grupo_0,0,Grupo_0
7.376264641352043,-7.020739434609617,-7.648252222480096,-9.329288297916014,0.5467824571534923,0.5287545441929897,2,Grupo_2,1,Grupo_2
6.835126800575368,-3.189137501753021,0.24152912037356256,-4.836661915312658,-3.7918347263221364,2.3012460956972056,2,Grupo_2,1,Grupo_2
-4.1662831552763775,8.372786936391869,2.7137539988417974,4.182841757981784,-13.51551375689873,12.787129382515756,1,Grupo_1,2,Grupo_1
-0.3050121949040856,-5.340888725904719,1.3190480589182192,-6.491213024040842,-7.0672336103102005,-3.5677392201595053,3,Grupo_3,3,Grupo_3
-2.037028124997163,-7.649867554020834,5.617156309383405,-1.9616039857028893,-4.260227351743644,2.725039752382063,3,Grupo_3,3,Grupo_3
12.00637045247071,-6.927628947277319,-5.96661052851413,-3.441893129303506,-5.43638990013725,-2.024541150410568,2,Grupo_2,1,Grupo_2
-16.105798304940116,6.3864677739441875,-0.5740593172457551,0.08326201726854521,-12.681876709640383,9.671718222822312,1,Grupo_1,2,Grupo_1
-10.878870867990923,7.518880572922821,4.176390546109036,4.509102552554453,-13.530801319561444,7.39113593336278,1,Grupo_1,2,Grupo_1
-2.4867330966033636,-6.065427244680674,2.7968750793141055,-12.076436002856322,-6.951926049387486,1.1752298663111027,3,Grupo_3,3,Grupo_3
-7.247306933899191,-4.1297860438988785,5.313208013847529,-5.891420704389837,-3.0425098412225204,-6.978405469019964,3,Grupo_3,3,Grupo_3
4.232098089251786,-7.743378130736062,-6.1062071795498944,-12.117019967931586,0.2684495732482173,1.5994954735886504,2,Grupo_2,1,Grupo_2
-2.9842952105564864,8.120672571172253,4.188899631822082,5.405290870632058,-12.409281969475037,-3.046525340035133,0,Grupo_0,0,Grupo_0
7.952476313657258,-2.410795102544576,-6.569134905036621,-5.565782645522972,-5.009498446820057,0.9501033392017514,2,Grupo_2,1,Grupo_2
-8.641885182338136,2.001687679461673,3.167720521835922,1.712148494128892,-12.471641122098314,5.179836175463111,1,Grupo_1,2,Grupo_1
-10.329900403165336,12.56837126332978,0.7082228999007145,4.24246908927125,-11.26952410409979,9.956374133040539,1,Grupo_1,2,Grupo_1
-2.5959770473158583,6.092591034149491,7.496935872515653,3.8530022656576675,-4.902047323543653,-9.153578230262795,0,Grupo_0,0,Grupo_0
8.363497362529483,-11.137544220913131,-5.246046363333358,-7.928374365793899,0.21811895213708077,2.0528470023674954,2,Grupo_2,1,Grupo_2
7.248497180631677,-4.537442803058923,-8.859602788049784,-2.273768076611189,1.0632709052330158,1.477412409015298,2,Grupo_2,1,Grupo_2
-3.6890272875263337,11.736662620616737,4.800578883966758,-0.7211922608825332,-8.66788646430119,-5.181115220939257,0,Grupo_0,0,Grupo_0
-11.317569415236786,5.741322228286723,2.495621003095111,4.904562239371219,-12.561391276776774,12.033161471197076,1,Grupo_1,2,Grupo_1
1.5743812076999895,6.148422645651602,5.396467499325684,0.08748005889233723,-7.039973057633752,-6.058203567517245,0,Grupo_0,0,Grupo_0
4.478200412012605,-5.508684553701208,-3.6036667891032197,-6.972611863560255,-4.504946464089556,-0.5220844786161796,2,Grupo_2,1,Grupo_2
-2.92588967136919,-6.621054541190355,2.5426654058152556,-8.25753140076225,-6.218637053708192,-5.3197635047457155,3,Grupo_3,3,Grupo_3
10.917177339906493,-7.6802647932562005,-9.559382227863798,-8.570479705243928,-7.256576391596545,3.836772027042215,2,Grupo_2,1,Grupo_2
4.2623075611332855,-4.457670410320948,-7.628973308571328,-6.780696240112524,-1.6795732045569083,-1.4206776793088083,2,Grupo_2,1,Grupo_2
-4.670267477758168,11.131619469779348,3.8613552279785424,8.615948827848559,-13.729868133278385,8.087076702583257,1,Grupo_1,2,Grupo_1
-2.205637362636193,-5.7439690321050945,5.309199269948989,-6.057427706218075,-3.530536449037382,-0.6513356169008739,3,Grupo_3,3,Grupo_3
3.179181439868931,-3.8435669073509207,-6.496267660100264,-7.709364311776947,-3.4951167894779243,2.858157469173466,2,Grupo_2,1,Grupo_2
7.130345112836698,0.22705630175050473,-11.611891316905552,-4.623852265959304,-4.202160762706905,1.9120579481052062,2,Grupo_2,1,Grupo_2
-8.960570715321275,3.8105482984897656,1.891289108420502,8.421715346559637,-6.471080825247153,9.243187019824807,1,Grupo_1,2,Grupo_1
-0.19296908920071054,-5.536157561824891,0.9760011862046662,-11.009854786006624,-1.8414633015846564,-3.637769573249764,3,Grupo_3,3,Grupo_3
1.5907137003757326,10.869604855878052,4.828462933482084,-2.031744845802189,-7.494783411476142,-8.988226081566426,0,Grupo_0,0,Grupo_0
-0.9658648807157202,-4.091808526106284,2.0323219455163573,-4.732145004642497,-2.288494600727997,-1.928072656566553,3,Grupo_3,3,Grupo_3
2.5785898965972383,-4.294915322001136,0.42012254986298236,-9.404166179116427,-3.325308705332667,-6.005633155319188,3,Grupo_3,3,Grupo_3
1.7318523735648377,-4.811607387652515,1.0919949369111985,-6.021785473390435,-6.8154932788714335,-0.11870122312629583,3,Grupo_3,3,Grupo_3
9.374311493559553,-7.623457947988594,-11.281813316422973,-6.385021751121929,-3.181311315887644,1.1186728518573614,2,Grupo_2,1,Grupo_2
-5.205139066529648,7.127946267852408,-2.582444197530468,6.39162055525021,-11.06304090847297,11.144919077032494,1,Grupo_1,2,Grupo_1
-2.8553375830121848,5.9535405374749075,4.117320693013038,-0.15313145158251817,-8.330935815663077,-5.408663582224422,0,Grupo_0,0,Grupo_0
-4.983267964478594,11.36621409816886,2.1836603523823275,1.4115868089481705,-5.50449694358989,-9.300970730435035,0,Grupo_0,0,Grupo_0
-0.3946340523947047,-0.777173197627147,1.8692091324123226,-8.851682963958424,-1.9721326517784306,-2.4766650189169908,3,Grupo_3,3,Grupo_3
1.4058366694031368,-3.1384560408410582,-0.17143295854883256,-12.04028568325906,-8.54927877779939,-5.845219577262412,3,Grupo_3,3,Grupo_3
-7.086576226334551,14.360159026680085,1.7614432523969459,5.144719180934218,-11.43345282323743,9.851324949745011,1,Grupo_1,2,Grupo_1
-9.07179490388588,6.000192634377776,-1.763875538087742,4.965434584269005,-5.200977434965847,9.444201120198482,1,Grupo_1,2,Grupo_1
7.283196057945519,-10.23590878121545,-7.083265848027788,-5.719313142142809,-4.590034882872156,-3.3634987253196105,2,Grupo_2,1,Grupo_2
7.24792161160593,-3.9205820827694806,-11.095406099833117,-5.553182655936849,-6.884568240603063,-0.4981794987336474,2,Grupo_2,1,Grupo_2
-2.2457588576878504,5.67922239090281,3.136459726350067,2.772624519297074,-10.862111524980444,-5.778922748374949,0,Grupo_0,0,Grupo_0
-8.923140821455782,3.336633020090372,3.0740493124103727,2.7166496138391323,-7.385443312050528,9.401511265075904,1,Grupo_1,2,Grupo_1
-2.2875536456491568,9.50757539671231,3.095749097642226,1.1829875438731077,-5.340199316723416,-3.870398500353906,0,Grupo_0,0,Grupo_0
8.538017412869221,-6.307938464665149,-9.737933329311065,-1.9114865702818653,-3.115242162946338,-3.022229868638166,2,Grupo_2,1,Grupo_2
-0.8909162346782525,-6.303368402157874,3.9003942307197774,-1.6861088468532186,-6.123537258190263,-1.841832301066204,3,Grupo_3,3,Grupo_3
-7.106188367091481,9.160116779147028,-0.44220928680539107,3.451063811098916,-6.601402959391606,11.634815012174567,1,Grupo_1,2,Grupo_1
5.22522837977816,-6.06327125490947,-9.02405067290136,-6.356521824557281,-8.136418110980497,-2.304989923529923,2,Grupo_2,1,Grupo_2
-10.482914141266352,9.459835983165242,-0.7075345161241069,6.387070308012181,-9.158711764600124,10.781325093201845,1,Grupo_1,2,Grupo_1
0.3860795606974192,10.993442863105662,6.200178378858489,3.544033457101432,-6.910244123268557,-9.123245521990526,0,Grupo_0,0,Grupo_0
-2.591080798592746,7.65572420036391,2.8577643795351904,2.2392452531704743,-7.517070234703408,-3.120127121819225,0,Grupo_0,0,Grupo_0
-2.165481387133206,-4.256619785644398,7.018778230339579,-10.522237239291012,0.8021533094012412,-0.7798210813711095,3,Grupo_3,3,Grupo_3
-2.2608668594796857,10.892753936627795,0.4663656334246724,3.33157016489057,-8.536186588515887,-5.453612921793049,0,Grupo_0,0,Grupo_0
-7.949155385227937,7.802466405983927,3.287902708128991,7.779715804400425,-8.168052101262337,6.774058295965033,1,Grupo_1,2,Grupo_1
-4.10839026397817,-2.4568503082229007,2.015697357990058,-8.344851327341983,-1.9319626981069877,-4.190916669341377,3,Grupo_3,3,Grupo_3
-1.65238425710849,10.15616917608278,6.064297036808611,3.0924410839840193,-5.27282029148241,-3.5572282679448683,0,Grupo_0,0,Grupo_0
-1.0004658214525852,-3.3484576796935714,2.4492215403503503,-5.496074351412956,-3.3749429005683593,-2.5084189840079474,3,Grupo_3,3,Grupo_3
-0.5492040283238308,-2.7239979784501243,5.260134512507435,-7.270839026134228,-0.05970571029605409,-0.4027064777856877,3,Grupo_3,3,Grupo_3
-1.1501972365666693,8.087750297983057,6.569125612848963,-5.148186867634457,-4.007712940221012,-11.229394040221194,0,Grupo_0,0,Grupo_0
1.1659997103930988,4.647220772887049,-0.8741582302745745,-6.085554752642889,-5.925987742530903,-4.019738895567944,3,Grupo_3,3,Grupo_3
-5.870323900638443,6.717656261987826,2.129526919347932,0.05367577118041078,-6.966339409618223,-6.294572761934645,0,Grupo_0,0,Grupo_0
-4.980675390930044,6.255312835158894,5.089614214111798,5.45317539980223,-4.583835676145488,-10.80636110233389,0,Grupo_0,0,Grupo_0
9.614216501114182,-1.9024078368847617,-7.746443769226163,-6.966789068924411,-5.799810425036649,1.4517625113384862,2,Grupo_2,1,Grupo_2
0.0004618090906614025,-3.0518334061710055,4.539622493775074,-8.409420028874504,-5.238700820129457,2.79156340768027,3,Grupo_3,3,Grupo_3
1.556944706103247,-0.20429925543888183,0.5245899465882209,-5.207168376988706,-2.243601639262263,0.010768621899947206,3,Grupo_3,3,Grupo_3
-1.216439508590794,-4.839398779195189,3.9481840885386594,-8.263119828491446,-1.7160285863004665,-5.503135985916183,3,Grupo_3,3,Grupo_3
10.326439543051196,-7.501955836853584,-8.956165839782978,-4.668487465349249,-5.905497148775484,-1.8800301110205608,2,Grupo_2,1,Grupo_2
-5.291999393765919,1.1040012741610044,5.214713700084645,5.0065102586751795,-12.60586423372699,6.709916060616791,1,Grupo_1,2,Grupo_1
-0.7565944482683138,-3.4218995215863677,2.1456077947554753,-11.55463432657541,-4.111988898125076,0.3539232472293268,3,Grupo_3,3,Grupo_3
-1.5381917469479107,-3.947605027905719,2.506306517214136,-4.714578647029839,-2.54793514673941,2.520595464798717,3,Grupo_3,3,Grupo_3
-4.001074156974793,-6.800554170597127,-0.03716657657324607,-5.311372693168858,-5.699045433094906,-6.042752595044088,3,Grupo_3,3,Grupo_3
-3.717163778801185,12.949253036423404,1.5754646787222484,-1.6877675165838184,-6.31849764475134,-4.2623638367455605,0,Grupo_0,0,Grupo_0
-3.1296984891881547,1.3492219683319986,3.0545441776228337,-9.29793404688975,-0.024824401219582626,2.521680828869945,3,Grupo_3,3,Grupo_3
-11.299964718754167,5.3422142977106715,0.963303780543733,0.7474080454455354,-12.023614729624871,11.156766835208158,1,Grupo_1,2,Grupo_1
-1.6819970425166075,11.098108532220634,-0.34446027020053727,2.9083111085596625,-3.8104547099680395,-9.90421214000396,0,Grupo_0,0,Grupo_0
-1.8990904360581362,-1.3169219281652795,2.612397029338098,-5.428918375874652,-1.5786557161023094,-1.7022986449893325,3,Grupo_3,3,Grupo_3
1.2492981313651264,11.207691854637499,4.0874684016539415,2.040384281427059,-6.358670171282389,-11.984446764336674,0,Grupo_0,0,Grupo_0
-2.330282030004269,7.82014251128553,5.837328400594081,2.8073249471581025,-4.285777330506522,-8.155150590412815,0,Grupo_0,0,Grupo_0
-9.019732264620586,9.511656495189557,5.731725215561875,2.983906571344976,-3.790171711595885,-9.557743792398568,0,Grupo_0,0,Grupo_0
-2.0064500062653314,11.640922118217352,7.403693668623061,4.940745447841683,-5.282801636078308,-9.737621875102155,0,Grupo_0,0,Grupo_0
5.388107776476877,-7.272777517973537,-10.776969623432922,-1.9795560864388468,-7.138856608833464,0.641252334408882,2,Grupo_2,1,Grupo_2
-7.816809487381591,6.554001737651493,-0.07416426125390174,1.9447492502122659,-8.251266773219175,12.47064829946254,1,Grupo_1,2,Grupo_1
6.313402289316124,-4.454820922339756,-2.1800907904766786,-7.80554080277812,-7.871225075868345,2.5372211612222104,2,Grupo_2,1,Grupo_2
-4.914474490454053,0.20531257676591785,-4.035335051790099,-9.132038812055464,-5.304686212242888,-1.218454721699901,3,Grupo_3,3,Grupo_3
-1.2299561599340754,-2.2258455941515374,1.2992854070886786,-3.2888253232777775,-6.1272260873781565,-1.0304404682709456,3,Grupo_3,3,Grupo_3
2.604351281470093,-4.801272608021848,-8.407020991893837,-5.528681126037854,-9.924326643560573,3.976268486352426,2,Grupo_2,1,Grupo_2
5.163325635054269,-7.293576431556835,-8.963997433246671,-4.584870627230133,-0.293104869964957,-0.2925761871275513,2,Grupo_2,1,Grupo_2
-5.354691437824932,9.099895671243166,3.0956522918685114,5.110550676885823,-10.978606980985901,9.073046309355837,1,Grupo_1,2,Grupo_1
1.5958402772881728,11.538828851554907,2.919502973283792,7.604259197301504,-4.425213473672285,-7.692188052047503,0,Grupo_0,0,Grupo_0
-14.280990372743148,7.769714575212178,5.594444504398094,0.4761212258156444,-11.053129297378339,10.22096399001521,1,Grupo_1,2,Grupo_1
3.629454334650055,-3.73043580960603,-8.487802959552228,-7.539369618113426,-2.588447333284126,-1.1634617604039628,2,Grupo_2,1,Grupo_2
-7.40818415235065,7.168045373000425,4.833183634540433,3.3262584784710576,-8.176795299349951,6.849036196509597,1,Grupo_1,2,Grupo_1
5.13595762302877,-8.485571723209251,3.9716165290953453,-4.293801946406655,-1.9287472752825203,-3.183652450740287,3,Grupo_3,3,Grupo_3
-7.111383201381863,5.815343711359068,3.0778323919889043,2.0383973094678165,-5.5854796399784625,-8.69446912615961,0,Grupo_0,0,Grupo_0
-7.572054089696768,9.480421915121891,2.985412674307131,4.104253020931292,-8.86092903723302,-7.166950696943194,0,Grupo_0,0,Grupo_0
2.2234824694919264,-7.618655919219411,1.3787199548164668,-4.354604304745268,-1.263995659968074,-3.101502135096764,3,Grupo_3,3,Grupo_3
-1.7319287090577387,12.702676670572203,6.78402789423315,1.5733233590321642,-6.927167710907992,-9.386433004870469,0,Grupo_0,0,Grupo_0
-0.8044688989869717,13.631054442538407,6.099699299543011,1.074939456973083,-5.402990114420497,-4.108350641818677,0,Grupo_0,0,Grupo_0
-2.448648981370855,12.544837516736894,4.440775358113814,3.104099174565067,-9.53561101151847,-5.809341850256825,0,Grupo_0,0,Grupo_0
-6.619567838100862,9.225639551277398,2.172515221402085,5.132231569479533,-6.464547862318554,6.066253549540762,1,Grupo_1,2,Grupo_1
-7.193919816260076,7.14969219989303,-0.9451832359001857,6.805987007972899,-11.061090446036768,7.059206296333821,1,Grupo_1,2,Grupo_1
-8.193946406279133,4.219121476794642,2.8577412779764195,3.773303933859037,-14.35782900877743,7.247234516291131,1,Grupo_1,2,Grupo_1
6.256290744896666,-8.77862014496987,-2.384999736450977,-4.140124336966034,-1.5047654303792992,-0.2684831234594477,2,Grupo_2,1,Grupo_2
10.189882295259167,-3.820117819770079,-6.7580944304586374,-5.561179643834271,-5.41611937298701,0.8442628565581343,2,Grupo_2,1,Grupo_2
-5.487456366059371,10.655670149782896,2.2031746606597977,3.940881193296862,-3.98313824363276,-8.931815389155222,0,Grupo_0,0,Grupo_0
4.403766837761664,-7.673772610661088,4.2281338110528655,-3.0501570874389143,-4.9692518455420025,-0.5236861669890507,3,Grupo_3,3,Grupo_3
-0.2252360574696266,7.006338751497459,8.371600258626906,1.29536068133431,-6.9330454270223605,-8.748138791145506,0,Grupo_0,0,Grupo_0
-5.751447971524023,4.743634810262616,3.511027478962319,2.6867146647636817,-9.918733503194881,9.578894456700608,1,Grupo_1,2,Grupo_1
1.3388707706943466,-4.719177142505275,-1.0245338306645726,-5.626824254907968,0.211277267272874,-1.0779017411788487,2,Grupo_2,3,Grupo_3
6.5357170610975945,-8.835971048971615,-2.886069760854486,-9.721835665081233,-4.404618318230699,-2.110550337473364,2,Grupo_2,1,Grupo_2
-3.292454906763275,-4.320327195209917,-1.5475183586645445,-5.632933777968773,0.2551774845812913,4.307759035648737,3,Grupo_3,3,Grupo_3
-2.429187250388334,7.130741452332863,5.789809193575892,0.2788812595604666,-1.8461590723347125,-6.538771265569103,0,Grupo_0,0,Grupo_0
3.5675020379577354,-7.46444711296647,-5.220189953141074,-1.0863561165644562,-4.26036097746295,1.9729689274545885,2,Grupo_2,1,Grupo_2
10.02598364275595,-7.387415638028024,-8.379442978653113,-6.14267245291859,-2.2011807750632046,0.14100716761944004,2,Grupo_2,1,Grupo_2
-2.265007376680671,7.081761668559656,4.701154271875458,3.2181654120543564,-3.2517681716636657,-4.481932528062929,0,Grupo_0,0,Grupo_0
-2.604392493051859,-3.440212099056126,2.645394596141436,-3.555830246316367,-1.7285761351147375,-5.910909685793968,3,Grupo_3,3,Grupo_3
-1.7945341462404878,9.850428103165884,6.286239517910177,6.998681030856606,-7.3219952598863935,-8.875852704622082,0,Grupo_0,0,Grupo_0
0.6721013880037972,-6.28505188960141,-2.12212361154375,-6.8180652467136795,-3.4540307987491268,1.0512353894929567,3,Grupo_3,3,Grupo_3
4.963719745972195,-6.659399705867781,-0.563986902893383,-9.097288278388966,-4.076749161884234,-6.987190946157599,3,Grupo_3,3,Grupo_3
0.0868101750731558,0.6193064853598287,-5.035935418622462,-5.959717793137096,-0.9612358497613798,6.354263764676319,2,Grupo_2,1,Grupo_2
-1.5297160235456404,-1.1913878081076912,1.3812957858247175,-4.9548945079884925,-3.6383850346651823,-1.558568366421356,3,Grupo_3,3,Grupo_3
-8.799281921762002,9.57921584996532,-0.24709021550312515,7.959661365025331,-8.311329892764965,11.97464850730003,1,Grupo_1,2,Grupo_1
-11.64143710687199,9.647047877475742,1.6919587626103074,2.852123298992354,-12.984745152227637,6.698856240050265,1,Grupo_1,2,Grupo_1
-1.784760480811718,14.202788124811919,6.817690594807332,1.158110853521129,-3.876592385741408,-7.900298025829825,0,Grupo_0,0,Grupo_0
-2.24869486317306,8.857803308449515,2.754967364061411,1.271481991773797,-11.112019226639735,-7.125958660262821,0,Grupo_0,0,Grupo_0
-4.9488807554960825,11.64839061971792,2.266381614148244,8.55412484603421,-5.646332438949047,-6.4180192840387615,0,Grupo_0,0,Grupo_0
-3.990182433649923,6.854309203998781,4.761182906090169,-0.10420560708686244,-6.203485126701673,-7.005704866898789,0,Grupo_0,0,Grupo_0
-8.606240518743823,8.67858822273256,8.196749176477951,4.288708189544713,-4.466133479673344,-3.789782788760402,0,Grupo_0,0,Grupo_0
-1.5281577051058326,7.741877063929575,4.575943055748115,-2.449520078282063,-8.616410018873916,-7.903315688558706,0,Grupo_0,0,Grupo_0
5.683046627390497,-11.266453718324243,-2.8890903209920986,-9.694933979952829,-6.423752399558005,-0.33325211507486574,2,Grupo_2,1,Grupo_2
-5.601574400247955,5.7131445954876305,5.9447327502703455,2.715631367023697,-6.253395065286579,-6.013989069533507,0,Grupo_0,0,Grupo_0
-5.0079956084844195,-3.58757894762369,-2.724661959167185,-7.87796650181355,-3.056222044600853,-3.9751845122039056,3,Grupo_3,3,Grupo_3
-4.732983697116558,6.974760415784726,4.447124562692841,2.826049620982342,-6.1879001928262225,-4.812151470685887,0,Grupo_0,0,Grupo_0
-4.199569469650353,7.884109776836933,1.1562339698469266,0.13253315816383893,-10.24495891487437,8.557229679712046,1,Grupo_1,2,Grupo_1
-2.945073415892217,-8.941008746262613,2.0161246756316,-1.6833984719197517,-2.144773552464823,2.8032793688448923,3,Grupo_3,3,Grupo_3
7.418877571551788,-9.010329695246341,-5.23333106020881,-7.221845013895906,-3.842178880970327,2.240063707970001,2,Grupo_2,1,Grupo_2
-5.649049553916236,-2.1106082384625284,6.445344334266414,-6.228201879331352,-6.876478717679807,-2.982494042214168,3,Grupo_3,3,Grupo_3
-10.227194705353178,7.834495494506145,-0.9830735803260464,3.1722497765302493,-8.794676960958514,8.566046032283609,1,Grupo_1,2,Grupo_1
-1.5071749246514057,-2.1094089027128495,-0.42802253462161177,-7.338978308478292,0.6229066433361066,0.237387247338678,3,Grupo_3,3,Grupo_3
-4.712321230573777,-4.974982890761051,2.597832943035287,-11.794387206032749,-6.241102736711653,-4.372484483466632,3,Grupo_3,3,Grupo_3
-2.3340672152697968,11.918981884718798,2.321496000751666,2.5690921407776948,-4.441633116695195,-5.627374168426334,0,Grupo_0,0,Grupo_0
-5.706221170567301,6.202961374748329,0.29167441169943475,-0.7608563001192987,-9.329714790813686,14.503387143599246,1,Grupo_1,2,Grupo_1
2.495741291041755,-3.5667295031972355,1.226664995749333,-7.205635604763895,-3.862838483143242,-6.852166317446583,3,Grupo_3,3,Grupo_3
-10.957412578183723,5.6933006940160515,-0.701782358491795,2.19954678560165,-10.514580360559023,5.884279495293281,1,Grupo_1,2,Grupo_1
-11.089803637976164,4.491560537329341,2.898225775830021,2.0506414629632315,-9.332098508688432,8.191128066222591,1,Grupo_1,2,Grupo_1
-2.948833634132928,13.167961542518366,4.6920950569680056,2.549921948237441,-10.030039104082721,-8.42101311337464,0,Grupo_0,0,Grupo_0
-8.978128877941543,8.168416736079,4.250559452038564,4.172026203406288,-8.041094369026068,13.494096373917237,1,Grupo_1,2,Grupo_1
-13.009825903831498,9.970344240208401,1.5902958913730147,6.091251943012597,-8.485042234835836,7.565306550464895,1,Grupo_1,2,Grupo_1
5.359089533177586,-8.066698430541868,-10.752095399134763,-8.069783198123504,-2.7322915076397782,-1.2621499624541614,2,Grupo_2,1,Grupo_2
-3.4471885738625927,8.219998386307736,7.843988323737523,3.3673973357535436,-9.65827208349385,-6.263847647195934,0,Grupo_0,0,Grupo_0
-0.5767916699154174,-7.886929175838294,3.757725810308063,-3.8452852673633746,-4.593726893499706,0.7276571929438664,3,Grupo_3,3,Grupo_3
8.918758600076059,-5.444518263522991,-6.674215098764078,-6.860370377476246,-2.0486267293038525,1.3090731746124324,2,Grupo_2,1,Grupo_2
9.389027584701932,-4.6899145156092015,-10.225844022549884,-7.680172339089499,-2.9491985061890933,2.5895391865112303,2,Grupo_2,1,Grupo_2
3.52166836852375,-2.458025615792468,6.0772108487214105,-5.716278522222343,-5.935365096669335,-2.3799525937515376,3,Grupo_3,3,Grupo_3
-8.039516079678622,11.457566086729415,2.372018316961994,6.651747093198731,-13.063864926967607,9.79260064147431,1,Grupo_1,2,Grupo_1
-9.7119260746784,5.392101043608101,2.970183031679486,7.237006995047878,-11.080745830886636,3.422436124566291,1,Grupo_1,2,Grupo_1
-4.807758208637258,12.88912214074217,2.6817456053875084,1.168015893426543,-4.845834147727096,-9.957270384360834,0,Grupo_0,0,Grupo_0
-1.5469629515539958,-4.636795801504024,3.717881761980948,-6.961838249580789,-5.133128874996815,-1.3824030351602168,3,Grupo_3,3,Grupo_3
-2.609592499663609,5.437348372903202,4.960139873505074,0.2705405402535299,-4.77801831867946,-8.511669541531925,0,Grupo_0,0,Grupo_0
7.365788096964901,-6.12123098314847,-4.951394759357681,-2.242415287591786,-4.467761299651872,0.6685531392899309,2,Grupo_2,1,Grupo_2
-0.7636393390187755,9.997999591752695,6.877861886297432,3.561099188145656,-4.2557454028529325,-8.218197622177367,0,Grupo_0,0,Grupo_0
-2.5582921203694533,10.39551101424119,5.199664171389755,5.383520758875342,-6.566565934531502,-7.953623446089079,0,Grupo_0,0,Grupo_0
-13.453797412231244,4.999745765017678,-1.7190229028610222,2.5363917199036634,-9.796905038559853,5.77408399399356,1,Grupo_1,2,Grupo_1
8.023060781734085,-1.2496425382682572,-9.617470612866317,-10.964456010175248,-4.227372354184414,0.5343731225391533,2,Grupo_2,1,Grupo_2
0.03242176497027893,-2.5948764109595355,3.942904849596738,-4.843680278025696,-2.646977916991579,-3.697836662973443,3,Grupo_3,3,Grupo_3
1.4973041983568853,-3.7132705608882497,2.8675450300333067,-12.135894240337665,-9.664390412309935,-3.224177984794451,3,Grupo_3,3,Grupo_3
-6.333765622431168,6.079595819535685,0.06729150358658331,2.2621937622201913,-14.01598149680418,10.5770529942854,1,Grupo_1,2,Grupo_1
-2.598511004384437,-6.715405773959234,-2.124843074565664,-9.848433183440312,-4.966879162335442,-2.143065187053956,3,Grupo_3,3,Grupo_3
-5.853054249017579,4.870609087649499,0.8612895790907065,5.31660378905065,-7.629833840877462,8.769349828128647,1,Grupo_1,2,Grupo_1
-0.8775837091833928,-4.026187494589821,2.5025151930481306,-8.804644519109003,-4.301698560239621,0.14670693365294873,3,Grupo_3,3,Grupo_3
-9.066826650408796,7.1213266708350496,2.1529464611078835,1.5099388899294066,-11.380850486903793,6.186736378989963,1,Grupo_1,2,Grupo_1
1.3108811763280457,-7.390416462330395,-0.4839701947345243,-0.808865388569953,0.2202078255222215,-2.751559417446426,3,Grupo_3,3,Grupo_3
-1.6326223748688522,10.23725395356748,6.2266825076325265,4.74741928883129,-5.855080548829989,-7.4832537298223025,0,Grupo_0,0,Grupo_0
-4.941354795393775,3.497369391140261,6.096405562646172,3.229762596040972,-10.195056983647156,4.673171615282529,1,Grupo_1,2,Grupo_1
5.984841415293173,-6.752913383105406,-6.650102744623969,-5.671239123817232,-4.290447518943762,-2.664886787223652,2,Grupo_2,1,Grupo_2
5.060000068969544,-5.232411514870496,-5.462578866095835,-8.608522520887547,-0.7374918257916621,-1.9550271219567783,2,Grupo_2,1,Grupo_2
-1.928455792502496,-3.175417182005245,7.959034546648313,-11.618214534217875,-2.202038560360318,-4.951806389510923,3,Grupo_3,3,Grupo_3
-5.886725475505649,5.755239300620445,2.135357007364132,4.289446310623622,-10.84277059611278,5.967033173529634,1,Grupo_1,2,Grupo_1
-1.6989876995657627,8.05158042715753,2.9475738354632046,3.502360406042902,-4.302128384911393,-4.55190929548545,0,Grupo_0,0,Grupo_0
-9.741604161554237,7.163062512276655,-0.5041953149581078,2.873405571400302,-5.762822116925573,11.06051494899424,1,Grupo_1,2,Grupo_1
-12.74206081274066,11.082072486571201,1.1969999999480498,3.6322841010929667,-11.157644879295216,8.678099858434695,1,Grupo_1,2,Grupo_1
-8.791280132284514,4.394387047204798,6.261607429391339,8.904673292853687,-9.19657579346764,11.957023653703247,1,Grupo_1,2,Grupo_1
8.68380496650279,-5.431674160422061,-6.927641607638616,-2.8593488955244197,-2.3218434332515643,4.535878739449549,2,Grupo_2,1,Grupo_2
-1.1331792604915871,-2.2049068440461945,-2.2145062878211332,-3.4532869711951926,-2.2165357674853716,-3.8825967465042486,3,Grupo_3,3,Grupo_3
8.096174437436522,-4.603111976783311,-2.512397556416304,-3.1935353522101364,-5.629342434784571,2.545874568917169,2,Grupo_2,1,Grupo_2
-6.605943081364087,11.897573419788921,0.9980837532904323,5.942256954871314,-3.8841805227368447,7.854092850905644,1,Grupo_1,2,Grupo_1
-2.570084103705207,14.36996202472798,8.95873676147988,3.0639788581258123,-6.784618495730769,-6.580031276480294,0,Grupo_0,0,Grupo_0
-2.223628501397651,9.390040531853016,3.7308483056934616,1.8308056246380633,-6.110122768921122,-11.15553057491751,0,Grupo_0,0,Grupo_0
7.900931793518964,-7.949402289789627,-4.507353371876437,-7.925878658121233,-3.37344734339853,-0.26324653604807824,2,Grupo_2,1,Grupo_2
9.955713983221274,-6.1760245005415175,-6.164566818502573,-4.4348487625223,-2.1743479856084367,1.192128163608409,2,Grupo_2,1,Grupo_2
4.203082941452191,-1.2570175685891831,-4.981237584359284,-8.673389818540429,-1.1495762436593235,0.996875368366953,2,Grupo_2,1,Grupo_2
-6.3197178236480145,4.186216245492972,2.484076421816884,6.506240399697546,-9.557061809315826,16.569204682406806,1,Grupo_1,2,Grupo_1
0.3267430138596168,-8.465500316815884,9.014043642048922,-7.369486000719078,-6.350817084684716,-6.190481121086208,3,Grupo_3,3,Grupo_3
-5.121220608105334,4.098394654758317,9.780396661078907,-0.7848512303634756,-7.4327612501157,-7.5721428429982485,0,Grupo_0,0,Grupo_0
0.5235466268952083,9.368578412298083,10.438202686182336,2.9564642824266616,-6.399504399926191,-7.6529007537822,0,Grupo_0,0,Grupo_0
-7.9570653357438115,5.897644499464501,-2.529208016507117,4.836594951899464,-14.368947552633394,9.226611928026214,1,Grupo_1,2,Grupo_1
-4.181879469702542,11.614047846688512,3.125839986885941,6.5381939678080725,-5.184812512803097,-8.099888113640203,0,Grupo_0,0,Grupo_0
5.43820693618136,-5.868039858284878,-6.404921680414287,-4.623598524141094,-2.438294302033431,-0.05515569549231403,2,Grupo_2,1,Grupo_2
-1.5195742572447122,-2.9684418858883665,4.946015652222579,-8.043774519913592,-0.3572270145098888,-8.01226275596318,3,Grupo_3,3,Grupo_3
13.53689717530819,-6.5172443218189855,-4.536103214917447,-7.958559371352283,-9.140912387942137,0.06948301565499349,2,Grupo_2,1,Grupo_2
-2.203453865472041,10.372531200789291,4.762029012042362,2.074648911950438,-8.634606410668159,-8.537361887153317,0,Grupo_0,0,Grupo_0
9.039590321236801,0.058465478197567755,-6.406015842067565,-5.069357082246906,-3.7038589512709272,-1.2888330421231824,2,Grupo_2,1,Grupo_2
-6.599939179729511,5.744578592585375,2.6552133299591287,6.212311587452049,-9.672341525843233,10.535049323592721,1,Grupo_1,2,Grupo_1
-9.213179554333784,3.740643379186923,0.7106442171971681,5.395588675028786,-6.348152459630461,6.630305001233757,1,Grupo_1,2,Grupo_1
-9.883101621050736,2.2590032327202607,-0.6548308118469213,8.939999273770217,-12.789449041590117,9.871896596292588,1,Grupo_1,2,Grupo_1
5.544230497906376,-5.476001829363432,-2.1020204226145447,-9.102190948578496,-1.475053342419379,3.993844700075615,2,Grupo_2,1,Grupo_2
9.461184179266539,-10.110147721137078,-5.339904329252357,-7.023589232229187,-3.631669160892522,1.6426136368304847,2,Grupo_2,1,Grupo_2
-6.16737942240097,8.833825139469997,7.781397115126148,0.4628409980715986,-6.440227014616954,12.264299219241705,1,Grupo_1,2,Grupo_1
4.91797588042395,-7.40081597365609,-7.798752344066983,-4.9908750532029655,-1.3304525034987242,-0.5235216355842467,2,Grupo_2,1,Grupo_2
-5.639531082235614,1.7814758171135416,3.2791622535912124,-2.0717254949042854,-12.002472122891971,13.471112955492249,1,Grupo_1,2,Grupo_1
-4.48538376166603,10.19295702103831,9.344940077415686,5.336719799328176,-2.8966606245527773,-8.158148784353909,0,Grupo_0,0,Grupo_0
12.013415128699657,-9.615557591817979,-11.31841187020477,-10.07986280782557,-1.6692562199417815,3.3070704326092883,2,Grupo_2,1,Grupo_2
-8.956754512997101,3.368081007133385,-0.3286970563467073,2.7595492884712582,-14.678861371223793,9.516930713868993,1,Grupo_1,2,Grupo_1
5.72650421842978,-5.218695801581818,-8.658440917384826,-2.0039857235130745,-5.503679841381088,0.39189691512655017,2,Grupo_2,1,Grupo_2
4.797627550178039,-3.5911566902069487,-5.984993035978656,-5.585780267977724,-5.871651634355718,2.2627095316717196,2,Grupo_2,1,Grupo_2
6.2420935620857065,-7.931200361453554,-6.1831175638035845,-4.4863167258909185,-6.773502618518897,0.7138130168466054,2,Grupo_2,1,Grupo_2
3.9413842874550884,-1.730798284403333,-3.725726352285001,-8.623269634985173,-8.687080373200772,-5.049489867664304,3,Grupo_3,1,Grupo_2
7.624768301996875,-6.137980853871196,-7.164463304449973,-10.780407129199375,-6.265074713684411,1.6867562346461509,2,Grupo_2,1,Grupo_2
-3.696968844562157,4.496301827183914,3.206380426892812,1.845498730967063,-8.19952849822833,7.10148076452465,1,Grupo_1,2,Grupo_1
-4.335114202345592,9.555432602153259,4.753808435987636,0.3441688149261892,-1.5197669678379562,-5.295312037480919,0,Grupo_0,0,Grupo_0
1.4204861358505694,-4.353217923115001,2.4510446543089035,-7.906055205978898,-2.224987432936329,-0.7148634146836392,3,Grupo_3,3,Grupo_3
-5.873874931735788,6.966141478894578,3.449326652366454,4.159142635722551,-6.223223868646458,-6.396134814857086,0,Grupo_0,0,Grupo_0
-1.4108956179070131,-4.795117493735819,1.1662622499532007,-7.236285609590986,-6.992534892490113,-0.09981204380624842,3,Grupo_3,3,Grupo_3
-7.130005274608337,6.8002383665503,4.704745354279205,10.07113279246931,-11.553275195671407,5.945585535355448,1,Grupo_1,2,Grupo_1
-3.16162967967466,-6.989554615540624,2.1338294899859362,-10.896379504579752,-1.790088113015961,-2.5352557940427296,3,Grupo_3,3,Grupo_3
-3.3132852510962065,14.206156087100425,5.594717466806985,3.0482738019184064,-4.303918556071665,-6.283136695709663,0,Grupo_0,0,Grupo_0
-3.722606492625509,9.218971476664128,10.426525252911873,-2.6949932975386384,-5.163976715214987,-10.911899271250075,0,Grupo_0,0,Grupo_0
-5.236613698590746,7.987250408311859,1.8756171650132618,1.4358671082188936,-7.649712901615623,-4.930958262602597,0,Grupo_0,0,Grupo_0
6.054335222443586,-4.587139567903685,-5.061776914801316,-9.030741933346421,-1.4225067496751418,3.3135038560334706,2,Grupo_2,1,Grupo_2
-3.5101334118538206,-6.401839222516697,-3.037537707116514,-3.8618063132591636,-5.873453912180059,0.23567700378270917,3,Grupo_3,3,Grupo_3
6.477736584342397,-5.68127887623198,-6.826244779411034,-3.3015867923476083,-7.014125172121816,2.0147294794822788,2,Grupo_2,1,Grupo_2
-0.16348810811275616,7.724174307654887,4.88018077858056,0.8174814621781259,-7.965867759732059,-7.653039901947545,0,Grupo_0,0,Grupo_0
-12.933400400226052,2.8575842521119865,0.46721322097822204,5.6182955138555695,-8.346126137814958,12.072625680699511,1,Grupo_1,2,Grupo_1
6.80797546974973,-6.682665315243198,-10.0575316731566,-5.687907659436,0.8153242612734237,-1.7141692190828999,2,Grupo_2,1,Grupo_2
-6.131600121918327,6.145711285954007,1.7882097630162486,7.4759431747763845,-12.806219035544576,5.905401580457408,1,Grupo_1,2,Grupo_1
-3.1277723873405363,-2.3764184519769325,2.0614988430110257,-7.92789654911502,-3.0690782085716313,-4.526508758907978,3,Grupo_3,3,Grupo_3
-7.237128268633951,6.847265150504175,2.8324428054180775,1.2922230813817404,-9.375286489999198,1.920357115988078,1,Grupo_1,2,Grupo_1
-8.296765318124462,4.759141206398009,4.774353730920689,6.814878968103743,-8.258294617029094,10.302349696357428,1,Grupo_1,2,Grupo_1
8.263578866698166,-8.500829665321659,-3.2327915009663877,-5.928660946274586,-2.3048457211839737,0.7001006672065557,2,Grupo_2,1,Grupo_2
-3.244109081135112,-4.459397600294073,0.8785068200062975,-4.050482939218192,-3.5008498021660523,-4.633172780025748,3,Grupo_3,3,Grupo_3
3.767017731015973,-5.909928240793718,1.9887720499675097,-7.891190039286342,-9.043589540503826,-3.4487551435160886,3,Grupo_3,3,Grupo_3
-1.4488407941191712,-6.310249467189301,5.463209747888465,-7.07212468063394,0.9646636149514896,-6.736493809625747,3,Grupo_3,3,Grupo_3
-1.9186638303236907,-3.47032666988361,1.8549204149120262,-6.126216636479464,0.25034210204786067,-3.9420550570004504,3,Grupo_3,3,Grupo_3
-10.292782840116146,4.388823004476272,1.527455912402471,9.33121740132979,-14.167515732099016,6.769922264141525,1,Grupo_1,2,Grupo_1
-1.6051075604336649,7.401486741685511,5.543367849999136,5.818261100105655,-6.969192288926149,-2.968500453740931,0,Grupo_0,0,Grupo_0
-2.1095566430592494,6.445098275883426,7.804148438389853,-0.19226743659551992,-4.455984189834428,-5.812123688596735,0,Grupo_0,0,Grupo_0
-3.636910481978395,-2.43750407521381,1.2979737426542395,-10.472165013041536,-3.0529506188304856,-6.257088196151737,3,Grupo_3,3,Grupo_3
-5.37674159816258,-3.1880222702308934,4.919381930715956,-9.343621472056942,-1.7437903613928203,-0.9119226094909689,3,Grupo_3,3,Grupo_3
-0.07010795769123823,-7.288045254799149,1.2800141919807149,-8.72533236750831,-5.373797836499628,-0.31376869344380154,3,Grupo_3,3,Grupo_3
4.9031981941299545,-5.442778574572944,-7.315409165512499,-9.505572967963356,-4.3359061987383525,1.992886962303744,2,Grupo_2,1,Grupo_2
0.21230195641454497,-4.923089909114299,3.935292444403463,-8.985464304052618,-9.443841026979975,-3.7325158149576563,3,Grupo_3,3,Grupo_3
13.96702804719176,-8.23910545051166,-8.66712821443029,-7.745392228644827,-3.3073185029630228,-0.6803797143185211,2,Grupo_2,1,Grupo_2
-4.826523801997958,8.865472738043822,-3.4632895139445807,-0.5877994193949925,-7.5110475696341705,-9.99956754818807,0,Grupo_0,0,Grupo_0
-1.9775272628066212,-2.3375869134039333,2.2530117468558775,-11.8307691121552,-9.268679538798807,-4.120223683975928,3,Grupo_3,3,Grupo_3
-7.408312060884828,5.561701826471493,-1.821661756258763,3.7991901082173305,-10.70316939873685,9.681048185872443,1,Grupo_1,2,Grupo_1
-4.6922204968941,-1.2474981142737946,-1.4253789708146325,-8.881260064092107,-6.652343598718225,-7.0584752661824135,3,Grupo_3,3,Grupo_3
-5.600863794593621,8.68407379634957,4.1368074162714965,5.446607936982849,-10.741234444170498,11.289608730522737,1,Grupo_1,2,Grupo_1
-2.035243581555892,11.516901359616174,-2.1182018962699916,3.667857982768001,-8.51481639896983,-11.45669183541709,0,Grupo_0,0,Grupo_0
-10.288460860061118,7.922034166837146,3.2715130106215105,5.341457233219095,-9.398421944293732,11.254903089139193,1,Grupo_1,2,Grupo_1
-2.1375289800474713,8.171571200403223,3.1063721773757518,1.2169954677204111,-7.850069237504342,-6.454069037337227,0,Grupo_0,0,Grupo_0
3.43788522582715,-2.063519910174563,-5.134886878621982,-6.904612380235598,-6.7577373486779635,-1.5594084384086075,2,Grupo_2,1,Grupo_2
-1.2636432518107874,11.864658724501489,8.591230552649035,-0.5645657956289396,-8.906770969177115,-10.024054240562487,0,Grupo_0,0,Grupo_0
-1.2618150728585984,-7.732609465568047,3.390238105242168,-9.521016121035101,-5.284592071868911,-1.9378896642682604,3,Grupo_3,3,Grupo_3
0.5383684652250076,-6.274236091083305,5.667736185967568,-6.8550115898828,-5.83937035931914,-1.0156604015720847,3,Grupo_3,3,Grupo_3
-6.713129425592127,8.367724796097205,2.290911170716407,5.129880257503384,-8.780346407938437,12.60773919287379,1,Grupo_1,2,Grupo_1
6.418931650500819,-8.458003708217309,-7.371720135635334,-6.120592343470513,-1.6396156816473821,0.03630820225187459,2,Grupo_2,1,Grupo_2
-8.4001108093012,3.9817093183088765,0.9927418124550325,4.491271472850801,-10.724679410942562,8.851563849652296,1,Grupo_1,2,Grupo_1
-5.837673382288937,6.165619510285206,0.9937337170741696,7.046203391560277,-14.262664363322504,8.426895105282362,1,Grupo_1,2,Grupo_1
-3.3688767120409713,-6.005060467078876,9.041838264213823,-5.098983106779999,-1.4027623748301146,-1.4427794170349255,3,Grupo_3,3,Grupo_3
-2.4743743932703848,8.953973410423313,5.135090738147738,1.612268654130876,-8.31378220835186,-8.247256946376927,0,Grupo_0,0,Grupo_0
-1.6923357115469502,9.765472027225393,6.195396696336607,-0.8739131105111908,-4.281847722600599,-7.069520309614596,0,Grupo_0,0,Grupo_0
-0.6775974300138021,8.812494677926866,4.836466812018328,-3.0223320273895373,-4.588808004395066,-6.013888403530965,0,Grupo_0,0,Grupo_0
4.719422922526248,-1.7294161219945448,-5.794760966527853,-4.741990426151979,-5.970345170379064,-2.553082533660727,2,Grupo_2,1,Grupo_2
2.644561318538244,12.035201704681178,7.200035150756758,3.4544870569436896,-4.933724500734676,-8.25807388409728,0,Grupo_0,0,Grupo_0
6.219668681196477,-3.0070055963049303,-5.469347239280264,-6.170644870774894,-1.648794748034336,0.6757587532395468,2,Grupo_2,1,Grupo_2
1.5655544461364652,-8.313478976512744,3.6983680240411765,-7.8804706350635705,-3.7405122910160404,-0.022887709720225136,3,Grupo_3,3,Grupo_3
-8.894000460307637,11.350085906296506,1.2226820901895485,1.411256179209023,-9.804909756299669,-11.385060687225996,0,Grupo_0,0,Grupo_0
1.9044379776499918,10.02674040560071,1.4876689503904883,4.267824551577672,-1.5742366986196874,-4.29894644189808,0,Grupo_0,0,Grupo_0
-3.2012587608289707,-4.952760986916896,3.761758012423637,-7.309938945392572,-2.1697992446067396,0.7000746286574078,3,Grupo_3,3,Grupo_3
8.444896374687538,-6.14758524451319,-7.967667706183944,-2.168530008872496,-6.055579742463621,0.5840438177272411,2,Grupo_2,1,Grupo_2
-2.007774629975393,11.885879501770109,2.100324288782109,2.1273693085606613,-5.807585940324838,-5.147345575118086,0,Grupo_0,0,Grupo_0
-4.867022835717247,1.0523184857920311,2.180967764496156,-7.354999141365957,-2.686915341376057,-0.26690021095974226,3,Grupo_3,3,Grupo_3
2.7370416646966955,-8.982346626195003,3.6797383540354387,-7.655181012118759,-3.7692186721322463,-3.6684707179825375,3,Grupo_3,3,Grupo_3
-3.8161483701849472,-5.89224818495754,3.199473934566676,-5.2137061041826875,-1.3547657482800224,1.2513083332225667,3,Grupo_3,3,Grupo_3
3.8242281729620364,-7.812809960537362,-3.385773947992509,-6.6990436060695755,-9.464600009438872,-3.0040751291869583,2,Grupo_2,1,Grupo_2
-0.9103624258990742,-6.212587568312522,-1.4535984655568583,-2.696186705242125,-5.740288791071318,-2.9146633920933893,3,Grupo_3,3,Grupo_3
-5.126475079757599,10.355918009516536,7.6041392228855935,3.770552960603399,-4.389507976636729,-8.772097314699598,0,Grupo_0,0,Grupo_0
-9.136622144035279,11.743053258004476,7.755091817472174,-3.2103058970796416,-7.736346176352142,-7.808711758265425,0,Grupo_0,0,Grupo_0
4.134849376784771,-4.852807326570059,-7.707615050307529,-4.693400228305731,-6.590634048045075,4.79273016474931,2,Grupo_2,1,Grupo_2
1.3119734429785792,10.28387551892238,5.985619033852184,4.654438027215237,-7.7920090150084835,-8.978133761623463,0,Grupo_0,0,Grupo_0
2.6522902787468308,-1.1155763354444361,-1.6914921013981612,-9.54105089491413,-9.871550140533012,-4.6292415404964995,3,Grupo_3,3,Grupo_3
1.6534464246324228,-6.517405283437618,-1.1931400737264455,-4.260267461863003,-2.3273618562096843,0.4635336218268087,3,Grupo_3,3,Grupo_3
5.429589383636574,-3.0673852745088674,-5.122500361523135,-1.1442472045599699,-0.9648347064554263,3.355861304044605,2,Grupo_2,1,Grupo_2
6.879794795108246,-9.664773104773987,-6.004934238714254,-4.153098837711488,-7.0431529823934405,-3.336167059429402,2,Grupo_2,1,Grupo_2
5.665397071646793,-7.659262662941763,-8.264409758898314,-7.315938758013848,-2.959071851577907,-2.7852793703440373,2,Grupo_2,1,Grupo_2
-3.149882090870757,-1.3716691664143408,0.5844952578788545,-8.497469553042343,-5.298851066853753,-1.8252793496026167,3,Grupo_3,3,Grupo_3
-3.6867933870985574,9.594410971592412,1.019667982484791,-1.5454897520006563,-8.67573774428236,-7.413727472555565,0,Grupo_0,0,Grupo_0
-11.128807545339116,5.243967394922591,1.8543545097407874,2.3720515831440294,-7.883179949802401,13.116312431579704,1,Grupo_1,2,Grupo_1
-11.60048473929231,7.87487648303337,5.067198115628072,2.8784606446374186,-11.383107340952956,8.821885480289259,1,Grupo_1,2,Grupo_1
-6.80983637040703,4.452864693617157,4.069244344251327,8.00628135195229,-12.394672129694985,7.104439990704227,1,Grupo_1,2,Grupo_1
4.788580335415765,-2.2216740973875813,0.07634473959625021,-4.371071323230472,-4.948805894131261,0.7634493194427323,3,Grupo_3,3,Grupo_3
-1.8407168378729928,9.818530643688355,2.9696527021204795,4.453275557782039,-7.317026582889792,-8.769472492008058,0,Grupo_0,0,Grupo_0
6.025428753077232,-8.660824412145981,-7.397060082449091,-6.2509192687223765,-0.25951863072242354,-0.23100615792471535,2,Grupo_2,1,Grupo_2
-10.980457419455508,4.508388013221078,1.3814485389329452,2.8163321596955626,-7.593700664344535,4.749855114089742,1,Grupo_1,2,Grupo_1
1.2640229767258817,-3.3637716072828656,2.594534481470631,-11.525149333626079,-4.833023771198562,-2.741223935135526,3,Grupo_3,3,Grupo_3
-8.897208133821605,6.887637270741614,2.5855700399665293,3.2376342338375124,-9.91699160326312,11.463314971843651,1,Grupo_1,2,Grupo_1
-1.3431226669689342,8.925182422454613,0.6020492964643278,4.88501807008366,-8.716106133146393,-8.9057406858119,0,Grupo_0,0,Grupo_0
4.271469358272256,-4.013387534082353,-7.655036152758257,-8.890042861370285,-3.2150417840657344,-6.191289187740595,2,Grupo_2,1,Grupo_2
-2.1077626704280887,9.021901178581858,5.732224260593976,4.949785370906586,-4.505741852547961,-10.592354514400705,0,Grupo_0,0,Grupo_0
6.045276404195953,-2.0862613941870367,-5.099606022820469,-5.241320540928686,-6.892446405743563,2.191948805843305,2,Grupo_2,1,Grupo_2
-10.861779809342895,9.71528088146285,3.314666524235103,3.607668398540599,-9.644060823379084,7.675983186801372,1,Grupo_1,2,Grupo_1
-7.63646630721605,11.065298934113656,0.784886533943993,2.917520310147874,-6.714130066887083,10.139639389565648,1,Grupo_1,2,Grupo_1
-7.17554750145429,11.533070352790627,2.9283042718280914,3.9497336818476536,-11.804886735430859,-4.6486162475276736,0,Grupo_0,0,Grupo_0
8.380775395630588,-2.9886351206976953,-4.209909341775975,-5.703618182336068,-4.493407498133494,-0.9459203081923524,2,Grupo_2,1,Grupo_2
4.410466881860436,-3.096083553851436,-0.5189312923872382,-8.483801807185873,-2.5796354848725587,-1.321726129560291,2,Grupo_2,3,Grupo_3
-11.17959369361,5.654074024326487,2.7527820556801084,3.6931290099049723,-15.183888197396382,4.09644666165222,1,Grupo_1,2,Grupo_1
-2.4373355657157063,12.210415784716568,5.11762650627786,2.089261054331104,-10.279267543601069,-5.014475678207894,0,Grupo_0,0,Grupo_0
-6.71789222496934,4.242214628577431,3.4030500790629836,5.7255288900359105,-11.330239660157888,10.853263460951704,1,Grupo_1,2,Grupo_1
-1.1623076419368272,6.712602145499906,5.063280896318297,-1.5611165583217184,-7.157692344523021,-9.13987869693792,0,Grupo_0,0,Grupo_0
12.341569061141698,-8.839497782490467,-8.943416365475937,-7.432557813897325,-0.6949658286783018,0.5314011308013926,2,Grupo_2,1,Grupo_2
-9.342056591504805,7.307219627425058,3.519286208768951,5.8323027777161105,-11.423744611030191,9.603185934273787,1,Grupo_1,2,Grupo_1
-12.42810156630733,4.033983374429935,2.724823360568691,-1.170037509466182,-7.056716589973772,9.002812432309085,1,Grupo_1,2,Grupo_1
-10.763317922129653,4.083231254873967,0.8819981661787051,4.615018106205837,-8.10073644949504,8.004639410469084,1,Grupo_1,2,Grupo_1
-12.255473664838076,8.80494110011703,-4.738678844142762,2.586740175011383,-10.808994720212812,10.981514108417983,1,Grupo_1,2,Grupo_1
1.2791535020172873,-2.2046880544491523,4.522250805007674,-9.677738234299952,-0.11742580398985325,-5.084996384592127,3,Grupo_3,3,Grupo_3
-5.025554036251853,11.863982531020934,7.932666504577765,1.6779983664630351,-12.184264438672756,-8.399664561012028,0,Grupo_0,0,Grupo_0
9.406896746142582,-2.1483617815529747,-5.81609086621805,-8.436463882601704,-10.003435970266466,2.2055366541671435,2,Grupo_2,1,Grupo_2
-0.12419321431974417,10.642764256462817,3.8517057246272373,3.8705927351739007,-8.8116902274952,-7.472156110125969,0,Grupo_0,0,Grupo_0
4.459246799770661,-7.767716923644988,-3.8378141887679487,-6.442813441710228,-0.4689867521747253,-1.1836518848066069,2,Grupo_2,1,Grupo_2
4.900316465700217,-5.348971469672595,-6.106354211027153,-5.958555025281623,-7.44279721847445,2.503015489179812,2,Grupo_2,1,Grupo_2
-4.655092073505784,10.7650608267208,3.2007842706336667,2.2781942205541355,-0.4794158454792834,-7.1202593425875715,0,Grupo_0,0,Grupo_0
-9.189265403899352,8.092554585971694,0.7108827004465483,7.54195825308877,-8.528142960287823,9.496814663841734,1,Grupo_1,2,Grupo_1
-8.781750624943838,3.8096152808579866,-0.4401825796783623,4.658151579789426,-9.785978468745341,7.95038676915052,1,Grupo_1,2,Grupo_1
-5.836998610451329,7.67442259011882,-2.895374024103705,1.3684854016534027,-10.052924494565818,10.173194501153773,1,Grupo_1,2,Grupo_1
-8.751543384754605,2.4022623819035687,3.6597391954184,6.188448169900184,-12.072966801171084,10.448675900477365,1,Grupo_1,2,Grupo_1
-0.22069232879756484,9.836163902347533,3.3154783268105046,3.2563382667241223,-6.636933317781169,-4.4584971169437235,0,Grupo_0,0,Grupo_0
-13.529709521740696,8.872801530414044,0.43389426280010235,1.1872849081950054,-11.149173588367011,8.936883649100261,1,Grupo_1,2,Grupo_1
10.757706588809759,-4.775398094102662,-3.4447260983918726,-8.141821629100793,-5.526005808364206,-6.3527218826989245,2,Grupo_2,1,Grupo_2
6.253089120984276,-6.212852519332501,-8.477683417093271,-6.3671572176980025,-4.071775696113799,1.0982292536615805,2,Grupo_2,1,Grupo_2
-1.2535221938544816,-2.458272418508521,-2.926199043153936,-1.9060445186336548,-4.8649867414953265,-7.735362918316598,3,Grupo_3,3,Grupo_3
0.8718712408604437,-2.5706818888925658,-0.3371827046350613,-8.420165596014375,-4.167289122099224,-2.775912265751317,3,Grupo_3,3,Grupo_3
10.597447545245585,-7.282616885195939,-3.523631040998433,-6.716903965925903,-4.320042183162564,1.5911603813863704,2,Grupo_2,1,Grupo_2
-0.3713140747625716,-4.4683472084751,6.172424859528611,-8.074890988626233,-6.250559003501804,-0.43327258853634465,3,Grupo_3,3,Grupo_3
8.699433811773396,-3.7099522770886613,-3.978287900466418,-3.2857092657521076,1.5898796708397942,-0.39510148890288077,2,Grupo_2,1,Grupo_2
7.269665672298141,-5.557923448344436,-5.36291101704105,-5.827777540108187,-6.490085827751585,0.6103266867276356,2,Grupo_2,1,Grupo_2
0.3987117573346488,9.03986878074729,2.186107208608224,3.128428369598909,-6.381977952217595,-8.380651786172933,0,Grupo_0,0,Grupo_0
1.899677113861233,-6.073876487644054,-9.821852598287013,-4.077588060080639,-1.9547890999254993,-1.749939433166389,2,Grupo_2,1,Grupo_2
0.5433866157606322,10.469530386869861,4.073668589103521,-0.42542840786796754,-7.810144131328903,-4.158238044015482,0,Grupo_0,0,Grupo_0
-5.904722065054898,6.64216111209418,1.170803467589522,5.411809138705618,-12.980649038332889,9.956079680109129,1,Grupo_1,2,Grupo_1
-4.4173455144090426,4.502080876537024,0.5710227415201947,2.093382050594187,-6.230320936847566,-9.140901156036968,0,Grupo_0,0,Grupo_0
9.530473074162668,-8.796727270176856,-5.193624600528358,-9.257611568923261,-6.700358536391964,-1.0821984516997178,2,Grupo_2,1,Grupo_2
-3.1838849612861786,6.567376838742553,3.5291456860378223,2.9164209165528625,-4.987155649537891,-9.18552290372001,0,Grupo_0,0,Grupo_0
-9.324000586582308,5.4340441651027955,4.6440680509055845,8.299969338641647,-10.797213823700293,7.867779750352835,1,Grupo_1,2,Grupo_1
-0.9058540126180301,-6.76532201755576,3.326926968736271,-9.114975882296871,-4.511378833550197,-0.4781980560283512,3,Grupo_3,3,Grupo_3
5.046067165446823,1.3076086910731393,-9.660921901614264,-6.281643635758578,-3.466099459229437,3.857997683775794,2,Grupo_2,1,Grupo_2
-3.157240955518806,9.546115721198433,3.4566612873752085,0.970690514575069,-12.809079157742795,10.12998574859452,1,Grupo_1,2,Grupo_1
-0.43372290934841473,-2.3552440510244144,-4.462235356897631,-10.689278629147985,-5.434077120258135,4.415584706463072,2,Grupo_2,1,Grupo_2
1.4082031127984362,-2.7589118250573477,3.847834144718091,-6.843933757825868,-2.848797572474165,-4.67423898999643,3,Grupo_3,3,Grupo_3
-1.5432438492603229,0.5477797927208288,2.8324861597966606,-9.312052511705726,-3.6055300185277286,-3.5529825027608686,3,Grupo_3,3,Grupo_3
-9.070688273169981,6.724768110444328,4.814384673689061,4.627491980281024,-11.41738946135527,14.124298756129342,1,Grupo_1,2,Grupo_1
-2.884336590634067,9.328227261877178,4.207199275518428,2.012117302894401,-9.620314908389275,-10.480236799761682,0,Grupo_0,0,Grupo_0
-4.160914818206555,8.297558358925963,-0.1484315948267403,5.498024271226997,-16.177679461626145,9.406635809732789,1,Grupo_1,2,Grupo_1
-9.074474542741017,8.372547845558998,-0.13740716661023944,7.360113885065287,-6.983998453936823,10.857057800769605,1,Grupo_1,2,Grupo_1
-5.409032268447348,-2.601068410017316,1.5722577089587098,-5.817935981038799,0.5030142967337587,-8.026340334925429,3,Grupo_3,3,Grupo_3
-7.848830634861643,7.982399945385666,5.2325397197344685,-1.9045286204171115,-15.555634789573134,8.158501613214513,1,Grupo_1,2,Grupo_1
-0.09706854030910606,13.053243187068901,1.5540066565282964,0.49200903605849633,-6.945641583548587,-6.17970669622693,0,Grupo_0,0,Grupo_0
-10.095764683014368,7.982240953826352,2.75786055739791,3.5754320551301038,-11.547724278049943,7.6718444124492375,1,Grupo_1,2,Grupo_1
7.993273291929645,-4.9872440812509415,-8.859267594085626,-5.0349272593020205,-1.7563345345054424,0.9238019266207347,2,Grupo_2,1,Grupo_2
4.608465343438326,-9.390854299160857,-5.608598405428576,-7.700428609848506,0.7563529070982602,0.5821474838943378,2,Grupo_2,1,Grupo_2
-1.568822946515643,-2.5532123812795637,0.7760554529575121,-1.0791980047873535,0.801977101794412,-2.643062047831686,3,Grupo_3,3,Grupo_3
0.8415558412939785,-2.823943341508559,3.784765817917615,-8.148895238557913,-5.7973501193097405,0.5003760456203854,3,Grupo_3,3,Grupo_3
-3.110101648913595,-4.698856229318944,5.874123329814216,-11.301130334975376,0.6825455349058744,-2.3331233802104396,3,Grupo_3,3,Grupo_3
-6.205502598971319,7.21467560721155,3.4882819088286325,4.615975249488021,-6.020581467230117,-11.28770998168278,0,Grupo_0,0,Grupo_0
6.171672267125486,-6.248706977383777,-5.088106983570029,-3.1504843956099,-3.599369642101245,-0.6776985028812652,2,Grupo_2,1,Grupo_2
-7.139894549244752,4.451537827602063,3.6880814871372056,5.317929788055787,-13.902826936060443,7.704285412400749,1,Grupo_1,2,Grupo_1
1.0420629969218869,7.587420393824631,2.5589899034675296,3.151708574906742,-8.260184801853699,-5.297780048887169,0,Grupo_0,0,Grupo_0
-0.8389657708218559,-4.0298853783265205,1.2534631537612138,-11.98311643440227,-2.9808995389728707,2.258098063579334,3,Grupo_3,3,Grupo_3
6.16458936649603,-4.402497926345239,-5.8052983727195615,-9.327890115311437,-1.204659530700389,1.0208862331997457,2,Grupo_2,1,Grupo_2
4.532767062360989,-3.439037262677673,-7.190437895915619,-7.607311837056867,-3.541514916650972,2.4220041566917256,2,Grupo_2,1,Grupo_2
-2.928831689088425,-4.277711034026834,1.8708562176271863,-4.694095186892776,-6.801698575821223,-2.020846090418508,3,Grupo_3,3,Grupo_3
-0.5969357055511954,-6.003553618071553,-0.0070905687400451,-8.803841374021692,-5.0956256455055415,-2.794837723960424,3,Grupo_3,3,Grupo_3
9.564779180181567,-4.425778631524251,-11.809028955186562,-7.655577211698844,-5.3197603891884935,1.693531016218313,2,Grupo_2,1,Grupo_2
-0.6571367595024356,7.731252212019358,4.068379047878055,-0.5127037525805487,-13.285461338139546,-7.357678999776369,0,Grupo_0,0,Grupo_0
4.596655509984219,-6.820228273772621,-7.010847647303964,-6.801558305453122,-1.1179186459825723,3.681199699363711,2,Grupo_2,1,Grupo_2
9.626567452942128,-7.799730353084673,-3.6332336959019225,-7.701673063448661,-7.254811151230779,2.3054700309310006,2,Grupo_2,1,Grupo_2
-8.569798273735104,11.224399619100947,6.481988578959185,1.2698507911451986,-6.71215039808909,-5.590261549015698,0,Grupo_0,0,Grupo_0
-10.205027968104174,6.64438513968357,6.205930460610518,7.512604185396778,-12.837263206402945,11.472528087937823,1,Grupo_1,2,Grupo_1
-8.078781267623821,9.127429178314062,1.4451343002522532,7.7946032142234944,-12.934824613392074,11.130493600818914,1,Grupo_1,2,Grupo_1
-2.759009214805706,-5.326184102475069,4.812682129371507,-8.160214902682547,-5.16909547784637,0.1592486088108518,3,Grupo_3,3,Grupo_3
-8.273923948856623,7.367556045332846,-0.41611483333144905,7.420221385757807,-7.9265532507511764,8.01589494982163,1,Grupo_1,2,Grupo_1
-9.982410879980048,7.78774436654555,5.795127768375552,5.675467137499192,-8.316789181000345,8.32242374335328,1,Grupo_1,2,Grupo_1
6.53332858045306,-1.9084490137081644,3.269926584329146,-7.793144032475148,-5.2851540966553285,-2.999764618443555,3,Grupo_3,3,Grupo_3
0.9514844232235453,10.42405892832922,6.126764690391316,4.106708580891501,-4.982305716684357,-6.177131033352508,0,Grupo_0,0,Grupo_0
10.095026884662197,-5.463656318367112,-5.389489345628018,-11.882962325269139,-6.910071213852399,2.7128280737604746,2,Grupo_2,1,Grupo_2
1.9233558142718339,-4.214096297856011,0.06711933812675985,-7.744105892471769,-7.988816956604972,-5.4942398168687525,3,Grupo_3,3,Grupo_3
2.6323936058963726,-2.5636926878285777,0.6001334553877169,-8.486644035203112,-3.957318869945543,-1.870437979312022,3,Grupo_3,3,Grupo_3
-7.604508960997385,6.494070350904812,-0.03710096633653759,1.0943859738374604,-6.833581243177391,-2.68901631258774,0,Grupo_0,0,Grupo_0
-0.11437484681882393,-9.031661423443586,1.8485018131281907,-10.09939172425145,-4.663621461590822,-0.22275254379143083,3,Grupo_3,3,Grupo_3
-8.350765296565694,5.427817743279728,-0.8042381024796401,5.71822961567158,-8.014486153529424,7.387407644089905,1,Grupo_1,2,Grupo_1
-8.715056927835453,9.245622105420946,0.5017339662522775,5.069240625282218,-8.810535136225964,4.674073812999504,1,Grupo_1,2,Grupo_1
-6.061820653579647,-6.738464910382744,2.5244123238454192,-3.6418011579722394,-1.3528841733258394,-2.1000260550102174,3,Grupo_3,3,Grupo_3
10.1318059608457,-3.6548450008554716,-4.181439778343901,-8.747301611357367,-4.113626201823503,-0.256036239157002,2,Grupo_2,1,Grupo_2
7.6545230090116805,-2.4507283125827017,-6.093465353409235,-8.598531165817056,-1.520170287109198,2.1539926788908446,2,Grupo_2,1,Grupo_2
-3.6246562060896994,4.2904343008344945,3.5091130381054096,-4.086528632631659,-10.839384249865578,-4.979072952915203,0,Grupo_0,0,Grupo_0
8.532401474764512,-7.289564745662214,-8.504371951560998,-7.860994144667721,-1.1185743054237163,0.5277370685871376,2,Grupo_2,1,Grupo_2
7.4184337472931485,-0.5826526826699174,-9.85801435191873,-3.325468539868255,-3.4653692169432038,2.589704970718459,2,Grupo_2,1,Grupo_2
-9.878813768849145,4.498349567897809,0.8972680898746415,7.304324598077341,-10.926647831624509,10.294331088763936,1,Grupo_1,2,Grupo_1
-2.334692410577703,8.051002136043921,4.923672199356221,3.6284963702433486,-2.91458515078789,-9.97464834034307,0,Grupo_0,0,Grupo_0
-5.431920624854881,11.425059324219422,9.902442071144389,1.352716472821914,-8.981105081208263,4.192950285267418,1,Grupo_1,2,Grupo_1
-6.069090504178113,8.347655305112285,3.5667677854814466,3.4445528583675316,-10.874938070860638,-5.72467792807109,0,Grupo_0,0,Grupo_0
7.1448366089521524,-5.776173669897324,-7.657894273913537,-5.787403953559508,-2.7261840509877895,-3.87211059571913,2,Grupo_2,1,Grupo_2
8.26282209644392,-5.704764692189414,-12.164289651434046,-4.375335237140028,-3.975737225483476,3.501256752602438,2,Grupo_2,1,Grupo_2
-9.461007368268612,3.1412881622197677,3.032832398057506,5.9511334176483075,-9.020723916921728,8.588026605217461,1,Grupo_1,2,Grupo_1
-1.5318151465684118,-4.833976283837921,1.4813844142412738,-5.8829548817912904,-6.496685103772051,-5.362497705936815,3,Grupo_3,3,Grupo_3
-10.035224185440232,8.222212409366517,7.894989701616069,2.371342965231308,-10.629873378122607,9.240389510461766,1,Grupo_1,2,Grupo_1
-3.425681560252804,0.44057260545895893,7.070457263733482,-6.568245790304694,-4.185894749487249,-0.09611361352226755,3,Grupo_3,3,Grupo_3
1.3686823157535573,9.303472713930468,7.588121796387668,2.1419658874660046,-1.7277573789463023,-2.491757487167936,0,Grupo_0,0,Grupo_0
5.896402035025381,-7.331810355142435,-3.254986162890083,-3.261834278910986,-4.7521626094205,-3.9896741503351505,2,Grupo_2,1,Grupo_2
-11.14973804258126,3.329524991510123,1.204756940839748,3.627809607544813,-8.347812145675661,8.059905261820738,1,Grupo_1,2,Grupo_1
-3.1981268709931623,-7.673487844100739,-3.145225894946199,-7.287089042992701,-5.561932313940453,-6.245024650405483,3,Grupo_3,3,Grupo_3
-1.7406808785299983,11.053629159546563,6.791062557127464,0.5154760875183859,-7.297431475617299,-6.173659717055197,0,Grupo_0,0,Grupo_0
-4.711411866294649,-5.389614057476779,-1.4825963642789675,-10.023088041287068,-3.1850597536363536,-5.607446449891238,3,Grupo_3,3,Grupo_3
-5.5239128679177965,-9.179767614729816,1.8608875407101344,-8.86803426227462,-3.6374557766279354,-2.3412689540609133,3,Grupo_3,3,Grupo_3
-8.660193381858779,4.089753852488464,0.28306304187151565,1.8661340973794718,-6.489350097980047,8.407622847985486,1,Grupo_1,2,Grupo_1
-10.67658640834089,9.127221224892061,-0.6030516141411884,6.0551894292646224,-6.161969754092167,11.136204293449884,1,Grupo_1,2,Grupo_1
-3.9591500371346005,-2.130463334904508,3.227975285615967,-6.785753367032509,-6.273351536467905,-1.1528942166117813,3,Grupo_3,3,Grupo_3
-8.26583677548766,2.678769287002985,3.53041898629266,4.906847720897223,-7.991659692476195,12.043492855957762,1,Grupo_1,2,Grupo_1
-9.746119409524926,2.304880763636179,1.0514328891112796,3.3974037782501263,-8.004157552148804,7.652697856712262,1,Grupo_1,2,Grupo_1
-12.27047638533867,8.202222666379207,-2.92326288857285,4.278788811071833,-4.8438925722190085,7.02846525006742,1,Grupo_1,2,Grupo_1
1.375896628410628,-6.1903965236877,0.920670061605835,-10.5159913736674,-3.134444683460494,-1.006193425483939,3,Grupo_3,3,Grupo_3
7.050326398937835,-2.347886777221779,-6.954622747697636,-6.630958863853252,-6.673116093891979,2.5465123898644997,2,Grupo_2,1,Grupo_2
-6.362912159237788,6.780695228133197,3.3386419440449435,2.9679247904389077,-11.212877327827542,9.608617618704127,1,Grupo_1,2,Grupo_1
2.9726289379303092,-8.910142225680886,-8.303187713774197,-6.134499688761112,-5.517858307155134,2.1427644924283067,2,Grupo_2,1,Grupo_2
-5.047342618502078,8.828818716479912,2.2023923880735374,3.6309291311680294,-11.96810626413954,9.591898339537043,1,Grupo_1,2,Grupo_1
-4.537004742970401,-1.288682779247361,8.155593804515394,-8.154535005765355,-7.384462578028697,-3.6901990500595936,3,Grupo_3,3,Grupo_3
12.6031366453398,-3.685127517290919,-3.463900739887127,-7.596825300400962,-6.479825405732936,0.6509570066925647,2,Grupo_2,1,Grupo_2
-6.736491551312137,7.8430291838819866,-1.209263133016481,2.831030148102935,-11.106696197114479,9.205144430182273,1,Grupo_1,2,Grupo_1
-2.795547236184295,12.108826908131975,0.6538096892421836,0.4747321265562998,-6.866517941855812,-6.762658108864091,0,Grupo_0,0,Grupo_0
-2.435187073476457,-7.428190362017524,1.1646061010165405,-4.798198051203048,-0.907138598640302,-0.27200021390949614,3,Grupo_3,3,Grupo_3
-0.8783904270192011,5.073305735737698,8.331229710542841,5.423398069309361,-8.443533944925093,-5.890600759682424,0,Grupo_0,0,Grupo_0
-10.50544954901492,7.818314583853892,0.5036195158134076,3.150546574195852,-11.304007953471663,5.816518818890755,1,Grupo_1,2,Grupo_1
0.09860792855231759,-0.9651554580919175,-1.5310066565122562,-8.60191753160207,-3.0852038820937273,-0.7466041449080996,3,Grupo_3,3,Grupo_3
0.46447859925885115,5.945266590355841,6.133379010852746,3.7261015397179778,-7.62353594955125,-3.4408425599968977,0,Grupo_0,0,Grupo_0
-5.846579293531276,-1.4675541643873253,-2.3592386637325866,-4.9648294766532945,-5.076568345723275,-0.9164298492915268,3,Grupo_3,3,Grupo_3
9.717037371211593,-8.778619043886689,-5.267052428555474,-9.756976371342397,-1.2517144601602386,-0.14998515638314647,2,Grupo_2,1,Grupo_2
-13.193881988224199,5.9584184184569,-0.7080027660072421,4.499797425651636,-7.1021916753116825,11.013212511026264,1,Grupo_1,2,Grupo_1
-8.806256147776798,8.523090503915785,1.3506858515898192,-0.42944790350508466,-10.670244823054922,11.382743211099426,1,Grupo_1,2,Grupo_1
-4.965875517437208,-1.8105932328632153,4.6199985302709745,-5.237434783459388,-5.730158711414043,-4.439530055058681,3,Grupo_3,3,Grupo_3
3.964631168714054,-5.550511429182418,-7.565120509578591,0.016544254025830263,-4.0148911001885255,-3.015470283009215,2,Grupo_2,1,Grupo_2
6.8184491008007795,-10.803036116824817,-2.758638141353263,-7.612845404623058,-3.7754952911980033,-0.2789956523253958,2,Grupo_2,1,Grupo_2
-3.0086591938068614,-0.8538011671775521,4.28072571119352,-9.49376923603972,-3.389508936166082,-2.8008527229566447,3,Grupo_3,3,Grupo_3
-6.015710802551984,13.38822798616567,1.5302207477498886,0.24090668945096372,-8.675645355074263,-4.642798650914843,0,Grupo_0,0,Grupo_0
0.7665742422462705,12.50349565517321,3.2344587697823464,1.4501149995794127,-11.088222671703646,-8.89478475951642,0,Grupo_0,0,Grupo_0
8.326130936700624,-4.243741485739742,-7.343192569325153,-8.876320575623707,-6.483664019624273,-0.43804198220852797,2,Grupo_2,1,Grupo_2
-8.265641036121753,10.009317947287606,2.583149376809382,6.421495442824195,-10.332015616268576,12.678156389674752,1,Grupo_1,2,Grupo_1
-3.029503248945938,7.78178379155124,3.1664669438675723,4.0971749264932935,-5.987088476238652,-8.612383581427583,0,Grupo_0,0,Grupo_0
-10.35549070127895,8.467739380632583,-4.846461871948911,2.9121261155418323,-10.903929755377504,12.869041488761006,1,Grupo_1,2,Grupo_1
-6.22003349008239,10.247497896568138,1.4488233746941064,4.052759181386253,-13.416078870473257,10.683833933284474,1,Grupo_1,2,Grupo_1
-8.069136123133227,4.584724443384797,-0.17958498914264975,8.658264101799189,-11.426312700992067,13.538717673383125,1,Grupo_1,2,Grupo_1
-2.992420360199298,-5.703360076087479,0.9170728400335557,-3.8274498865431443,-12.209647919259922,-1.68376604721881,3,Grupo_3,3,Grupo_3
6.086720176521306,-8.075197990065623,0.9756440999614577,-9.015229883488562,-4.987274954824429,1.5347207233599085,2,Grupo_2,3,Grupo_3
-11.484429340740142,1.0783703717663542,2.523449313398498,5.6837149465574885,-8.933143091367137,4.524292748853968,1,Grupo_1,2,Grupo_1
-6.505507575783337,6.766721163557186,4.685230149150142,7.792993419636357,-11.879112411767501,7.305895283749186,1,Grupo_1,2,Grupo_1
-0.33518282278859957,12.4033807752107,5.673466094287353,6.665159215335897,-8.814100188910203,-9.99174635155449,0,Grupo_0,0,Grupo_0
-7.140960287230428,5.2925170431551525,1.8997268827690839,3.760551353308832,-8.761181852545008,13.025700638568226,1,Grupo_1,2,Grupo_1
-4.340786387635809,0.683405006766332,0.3378753500662064,-5.551006919377059,-1.508193097737144,-4.06096437638949,3,Grupo_3,3,Grupo_3
-1.3083677575312171,-7.003085284795631,2.0688642321637536,-9.896775385541321,-6.112991835550621,-0.5398498680931865,3,Grupo_3,3,Grupo_3
0.13639122705297502,-2.0420447526887946,1.0015828367803081,-6.500511368702321,-1.750850549412391,0.24122410373415448,3,Grupo_3,3,Grupo_3
10.056925253839061,-6.51228296867948,-7.585715953467216,-2.3595589818211167,-7.020771474682318,-2.3188391524351655,2,Grupo_2,1,Grupo_2
-1.5927020078106295,6.664586662379934,3.3552115428863676,-0.6748641207816468,-7.0363249343342,-4.492253792022851,0,Grupo_0,0,Grupo_0
-10.234082141501087,4.573137333069466,3.121053311414742,6.108792814701194,-8.443877948704237,13.58442812660873,1,Grupo_1,2,Grupo_1
-8.820381589366155,2.1073287695709917,2.423524294797876,9.692779154414014,-10.488408285976409,7.578004298601583,1,Grupo_1,2,Grupo_1
-0.26019793446962325,9.782534930389845,6.672034133325502,3.5472417887497625,-8.95211471845645,-8.28056219376837,0,Grupo_0,0,Grupo_0
-3.298506687317647,-0.7551816040019164,7.154350300718224,-7.307982854380017,-1.0328309788348404,-5.314005810689316,3,Grupo_3,3,Grupo_3
1.0917746617681976,-5.14274081253903,6.582020357256391,-6.13770291558787,-3.3102116235947214,-2.993758798920188,3,Grupo_3,3,Grupo_3
-10.12940186635494,6.83235645692846,1.5076516576633248,2.2950056895703117,-10.030245521873406,5.526651296080519,1,Grupo_1,2,Grupo_1
-1.0671280524396796,-3.7968987058591144,0.789678501075282,-9.451041656522115,-5.278846235844347,-2.087114972984252,3,Grupo_3,3,Grupo_3
6.446559471851716,-13.679282126129616,-5.836998557613883,-7.553100003207223,0.06651985489796441,0.543488809674143,2,Grupo_2,1,Grupo_2
-5.404029352271547,-3.309635420476945,0.6619368160767372,-9.045527452261698,-7.773352538147355,-3.8354529996286812,3,Grupo_3,3,Grupo_3
-5.478193670626532,9.78883790376589,6.224321038558347,3.0076674275694777,-7.342846338345541,-7.204661342609512,0,Grupo_0,0,Grupo_0
-10.136818686201327,6.4712532221335035,3.0930919658022695,4.3543427964652,-11.072838634255714,8.984118517445806,1,Grupo_1,2,Grupo_1
-4.253453120231363,-3.3691555453143995,-1.1732070900983063,-8.539817162682484,-2.904813706580993,-5.128573814818106,3,Grupo_3,3,Grupo_3
-7.633662602339782,8.691684908943621,3.3945098231575868,3.5240620720366644,-9.901945764091202,10.217895853638279,1,Grupo_1,2,Grupo_1
-1.3694781928487312,14.426791990451031,3.031083260277744,4.292770004143825,-6.737094378908559,-6.208628896117804,0,Grupo_0,0,Grupo_0
-2.9364567025135524,-2.740312368829086,1.9623975866927506,-7.670339954498961,-6.087587998806585,1.4912449000901526,3,Grupo_3,3,Grupo_3
1.5226574972961746,-1.2689830255695607,3.3259236919285,-6.793909605516295,-10.147312750121678,-4.370214000283996,3,Grupo_3,3,Grupo_3
-1.3260872087292332,-2.765947508521875,0.7585710698524712,-3.3221264515908078,-6.943437816815791,-7.020776014558166,3,Grupo_3,3,Grupo_3
0.2021962078960724,-4.598603291870723,5.617964259262966,-13.122261218937943,0.9730762492592007,-6.937660871353004,3,Grupo_3,3,Grupo_3
-1.2741221573459032,9.665970542758089,3.264115951614551,0.2941112640956032,-6.943512368629883,-3.948287045127535,0,Grupo_0,0,Grupo_0
-5.094748548686944,11.967778774343035,1.7637221741384659,1.0638197996043028,-4.348701359561053,13.384303022612878,1,Grupo_1,2,Grupo_1
-2.685444568200478,10.230540237763826,4.801064873253402,-2.9654967319439463,-9.227965675698156,-7.240328482579986,0,Grupo_0,0,Grupo_0
10.03085415325025,-6.919652964441418,-7.935176273435139,-12.877242799662024,-7.619107069687665,-2.853545804749633,2,Grupo_2,1,Grupo_2
-2.2204909259329604,-3.8717645355402963,0.9884299122345563,-5.537409761290353,0.5155592299000151,-4.558508465644023,3,Grupo_3,3,Grupo_3
-3.832422146822436,1.42689919447532,3.4281333112404018,-7.593274170457426,-0.6190957125410783,1.9317758893403516,3,Grupo_3,3,Grupo_3
10.520451053568527,-4.952676341562404,-3.3102632916451173,-5.997013851480736,-4.15293426006116,-0.3374654149896469,2,Grupo_2,1,Grupo_2
-4.680596310856263,-4.896749447743652,6.0255924328181125,-4.343904890126567,-6.9379257034720885,-5.5921566738759685,3,Grupo_3,3,Grupo_3
-8.474524762215408,5.788216502977913,2.3747569838943257,8.133018876029897,-7.849803927708204,6.5456757688580405,1,Grupo_1,2,Grupo_1
-8.018774824528297,9.634198264343278,-0.5124396458671687,4.375669459429306,-11.901871679232919,10.036656432425678,1,Grupo_1,2,Grupo_1
-2.357212814631102,-5.2920248130756775,3.7677324197110713,-11.108712234774726,-6.851408893774641,-1.8148667486326244,3,Grupo_3,3,Grupo_3
5.872875337564522,-9.622721677207055,-5.70286374683964,-6.432744578466433,-2.051753330614556,0.7289373737412815,2,Grupo_2,1,Grupo_2
-0.680507813839215,-4.318593223094417,3.607225206215516,-10.55884620328081,-6.013072955372474,-2.96275581493,3,Grupo_3,3,Grupo_3
8.074905749410425,-6.581796214638234,-7.660167454911013,-4.198905940302438,-3.841578661615365,1.7867397474846753,2,Grupo_2,1,Grupo_2
-2.9415627728613076,13.29355732855418,1.2101259788997103,-2.0607338107511204,-3.201701372417249,-7.403418786155612,0,Grupo_0,0,Grupo_0
-1.4768689873636893,7.604974746188384,2.584327847312023,2.5823877126705126,-6.267210763379463,-8.147467531703771,0,Grupo_0,0,Grupo_0
1.4770650350096801,6.896882757402502,2.1613979625873334,-3.410305600068555,-8.477031560375025,-10.187834076794692,0,Grupo_0,0,Grupo_0
-1.311110911641637,-5.174984031755478,10.680515192154205,-5.518854095859226,-5.180458467342198,-5.313042057093883,3,Grupo_3,3,Grupo_3
-2.056643726293483,5.772206258308705,5.639098715609705,0.3447774494611595,-8.201168895525662,-5.414199546388214,0,Grupo_0,0,Grupo_0
7.864314794913283,-10.626647174740535,-11.489394299068488,-4.483958566177404,-2.6476044604708537,0.3516402199596672,2,Grupo_2,1,Grupo_2
5.499441276432245,-4.394740716754953,-6.355631338592171,-3.256933881834616,-1.4584472838843925,-3.0050481753127656,2,Grupo_2,1,Grupo_2
-7.9691365477901694,6.105451505214822,0.3330300369601462,4.24683259964097,-12.306424961240957,6.683634221026923,1,Grupo_1,2,Grupo_1
-0.7483139162261405,-2.358432080034652,0.6666843950584835,-3.994167444470329,-4.799738051328299,-1.9788818503923367,3,Grupo_3,3,Grupo_3
3.3836186044890786,-4.4599485420735565,4.9501135536016685,-7.113734864998369,-5.366253622889558,-3.289574194412267,3,Grupo_3,3,Grupo_3
6.832194677953777,-3.3312930472310938,-3.945555349760614,-5.0969663474172116,-4.821024034674501,2.349684368620074,2,Grupo_2,1,Grupo_2
4.875274922687246,-4.141729205396536,-7.319631650031213,-11.271818052660372,-5.3409403102754105,-2.4526419032623634,2,Grupo_2,1,Grupo_2
-0.6290275181909766,-8.876506056196865,-1.6864160939891195,-8.802328759306556,-3.6392584373492154,-3.2709460020057946,3,Grupo_3,3,Grupo_3
-1.0867399250895617,13.085277686019666,3.6920594837593836,1.4642187836848275,-8.33382947602288,-9.417001420008113,0,Grupo_0,0,Grupo_0
-2.4572133538642302,7.194278775125485,4.1826377334660005,5.410360731811194,-8.494537638962608,-8.878089609901581,0,Grupo_0,0,Grupo_0
-5.86683569891849,11.946928268964655,4.130063565672276,7.068547999758374,-11.038350945718163,6.507157501380244,1,Grupo_1,2,Grupo_1
5.885880702306556,-3.1359383002141286,-7.201610860528055,-9.684571586185246,-2.0560257019588124,-0.01706302701703577,2,Grupo_2,1,Grupo_2
1.3269542257971048,-1.5572261746405047,4.395651094922286,-7.249030509134898,-11.542729382400715,-4.277080993256489,3,Grupo_3,3,Grupo_3
-1.1846871782645432,12.618207679843072,-1.5392324140901223,-0.01906845473546004,-5.43694687319992,-7.387723058383428,0,Grupo_0,0,Grupo_0
9.269852535542288,-5.9558855500230194,-2.0020409806698662,-4.182325899262679,-2.4944716979272847,3.211080410659352,2,Grupo_2,1,Grupo_2
-0.9127164761093154,4.860485972525922,4.47467933960981,-1.0543708154654094,-8.509217460656668,-6.761612914984911,0,Grupo_0,0,Grupo_0
-0.8290386304827634,-4.201297920808503,1.802373343661124,-3.863642441220146,-5.919883329710538,-6.046776273405986,3,Grupo_3,3,Grupo_3
8.260149045121665,-3.4326035580736654,-7.604829994562911,-9.215640867893283,-3.2455460461434122,-1.5637087939198664,2,Grupo_2,1,Grupo_2
7.172528025127868,-8.214552912639398,-6.378387428889811,-4.371902854654453,-4.3858084785250115,3.477910997272327,2,Grupo_2,1,Grupo_2
-8.59996725803274,6.664902375293081,3.7201571734596643,3.4063378071962482,-10.41192957995168,11.227873803960625,1,Grupo_1,2,Grupo_1
1.9943507009544499,-9.010636559688104,2.2947595418236415,-5.647863800324055,-3.6734855918161466,0.6018997894576694,3,Grupo_3,3,Grupo_3
